Posicao na coleta,GÃªnero do vÃ­deo,Tipo de produtor,Categoria do vÃ­deo,guideCategory,Taxa de engajamento,Idioma,Posicao Geral,Id do canal,Canal,Inscritos no canal,Id do vÃ­deo,Data de publicaÃ§Ã£o,Diferenca de horas entre postagem e coleta,TÃ­tulo do vÃ­deo,DescriÃ§Ã£o do vÃ­deo,Tags do video,DuraÃ§Ã£o do vÃ­deo,VisualizaÃ§Ãµes,Gostei,ComentÃ¡rios,thumbnail_maxres,Pais
1,,,17,"Association_football, Sport",9.95%,pt-BR,1,UCOa-WaNwQaoyFHLCDk7qKIw,Flamengo TV,7380000,LJM_tEGrykA,2025-06-12T01:58:59Z,18.19 horas,ğŸ”´ AO VIVO: AEROFLA - COPA DO MUNDO DE CLUBES DA FIFA | 2025,"#Flamengo #Mengo #MengÃ£o #flamengoaovivo #VamosFlamengo #aerofla 

Acompanhe ao vivo cada passo dos craques do MengÃ£o no percurso atÃ© o aeroporto para a viagem ao Mundial de Clubes da FIFA nos EUA. NÃ£o fique de fora! Venha com a nossa equipe apoiar o Mais Querido com a transmissÃ£o da Flamengo TV!

Inscreva-se na Flamengo TV. 
Subscribe to Flamengo channel, a 45-million-fans nation. Join us!
----------
Com vocÃª o MengÃ£o vai mais longe!
Seja sÃ³cio-torcedor: http://mengo.com.br

ğ—¦ğ—¶ğ—´ğ—® ğ—¼ ğ—™ğ—¹ğ—®ğ—ºğ—²ğ—»ğ—´ğ—¼ ğ—»ğ—®ğ˜€ ğ—¿ğ—²ğ—±ğ—²ğ˜€:

ğ—œğ—»ğ˜€ğ˜ğ—®ğ—´ğ—¿ğ—®ğ—º: https://www.instagram.com/flamengo
ğ—§ğ—¶ğ—¸ğ—§ğ—¼ğ—¸: https://www.tiktok.com/@flamengo
ğ—§ğ˜„ğ—¶ğ˜ğ˜ğ—²ğ—¿: https://twitter.com/Flamengo
ğ—™ğ—®ğ—°ğ—²ğ—¯ğ—¼ğ—¼ğ—¸: https://www.facebook.com/FlamengoOficial
ğ—™ğ—¹ğ—®ğ—§ğ—©+: https://flatvmais.com.br","Clube de Regatas do Flamengo, Flamengo, MengÃ£o, Mengo, Fla, Fla TV, TV Fla, canal oficial do flamengo, naÃ§Ã£o, naÃ§Ã£o rubro-negra, rubro-negro, flamengo tv, nova fla tv, nova flamengo tv, coletiva flamengo, coletiva ao vivo, flamengo ao vivo, dani boaventura flamengo, joÃ£o guilherme flamengo, fla ao vivo, jogos do flamengo",03:04:46,1281585,127306,216,https://i.ytimg.com/vi/LJM_tEGrykA/maxresdefault.jpg,BR
2,,,17,"Association_football, Sport",0.08%,es-419,2,UCzU8-lZlRfkV3nj0RzAZdrQ,CONMEBOL,2200000,m9xuf9ZSZlU,2025-06-11T03:13:07Z,40.96 horas,BRASIL vs. PARAGUAY [1-0] | RESUMEN | ELIMINATORIAS SUDAMERICANAS | FECHA 16,"Â¡Victoria de Brasil en casa! ğŸ‡§ğŸ‡·ğŸ¤©

VitÃ³ria do Brasil em casa! ğŸ‡§ğŸ‡·ğŸ¤©

#EliminatoriasSudamericana

#EliminatoriasSudamericanas

SuscrÃ­bete I Inscreva-se I Subscribe: http://bit.ly/CONMEBOL
Facebook: facebook.com/CONMEBOL
Instagram: instagram.com/conmebol/
X: x.com/CONMEBOL","fÃºtbol, pelota, gol, copa, libertadores, sudamericana, eliminatorias, mundial, conmebol, cree en grande, alejandro domÃ­nguez, sudamerica, fÃºtbol sudamericano, futebol, soccer, football, torneos sudamericanos, evoluciÃ³n, conmebol evoluciÃ³n, eliminatorias sudamericanas, eliminatÃ³rias amÃ©rica, Brasil, Paraguay, Paraguai, Brasil vs Paraguay, Brasil x Paraguay, melhores momentos brasil x Paraguai, highlights Brasil vs Paraguay, Brasil 1 x 0 Paraguai",00:10:00,4818675,0,3668,https://i.ytimg.com/vi/m9xuf9ZSZlU/maxresdefault.jpg,N/A
3,,,22,"Music_of_Latin_America, Music, Hip_hop_music, Pop_music",4.30%,,3,UCG90vRbG7aMXu0nD0DQ2wFA,MC Luuky,495000,Wzce27MZErs,2025-06-12T00:00:07Z,20.17 horas,"DESTINO - MC Luuky, MC Ryan SP, MC Meno K e MC NegÃ£o Original (Clipe Oficial)","MC LUUKY Â®

Artista: MC Luuky, MC Ryan SP, MC Meno K e MC NegÃ£o Original
MÃºsica: Destino
ProduÃ§Ã£o: Oldilla e DJ Aladin GBD
Diretor de Video: GL @gustavolimawalk

#mcluuky #destino","Destino, MC Luuky, MC Ryan SP, MC NegÃ£o Original, MC Meno K",00:05:05,328656,10513,3629,https://i.ytimg.com/vi/Wzce27MZErs/maxresdefault.jpg,BR
4,,,1,"Film, Entertainment",8.43%,en-US,4,UCEOVI4AmQE01FDKNFunkV2w,Warner Bros. Pictures Brasil,2360000,Ps8UV8SPCEQ,2025-06-11T16:05:00Z,28.09 horas,Superman l PrÃ©-Venda Aberta - Garanta o Seu Ingresso!,"Em 10 de julho, o mundo inteiro vai Olhar Para Cima. Garanta jÃ¡ seu ingresso para #SupermanFilme - Somente nos Cinemas. #FilmadoParaIMAX

Superman, o primeiro longa-metragem da DC Studios a chegar Ã s telonas, deve estrear nos cinemas de todo o mundo neste verÃ£o, distribuÃ­do pela Warner Bros. Pictures. Em seu estilo caracterÃ­stico, James Gunn assume a nova histÃ³ria do super-herÃ³i original, no recÃ©m-imaginado universo DC, com uma combinaÃ§Ã£o singular de aÃ§Ã£o Ã©pica, humor e coraÃ§Ã£o, um Superman movido pela compaixÃ£o e por uma crenÃ§a inerente na bondade da humanidade.â€¯ 

Os CEOs da DC Studios, Peter Safran and Gunn, produziram o longa-metragem, com direÃ§Ã£o e roteiro de Gunn, baseado nos personagens da DC. Superman foi criado por Jerry Siegel e Joe Shuster. 

O filme Ã© estrelado por David Corenswet (â€œTwistersâ€, sÃ©rie â€œHollywoodâ€) no papel duplo de Superman/Clark Kent; Rachel Brosnahan (sÃ©rie â€œThe Marvelous Mrs. Maiselâ€) como Lois Lane, e Nicholas Hoult (os filmes â€œX-Menâ€, â€œJurado NÂº 2â€) como Lex Luthor. Coestrelam Superman os atores Edi Gathegi (sÃ©rie â€œFor All Mankindâ€); Anthony Carrigan (sÃ©ries â€œBarryâ€, â€œGothamâ€); Nathan Fillion (os filmes â€œGuardiÃµes da GalÃ¡xiaâ€, â€œO EsquadrÃ£o Suicidaâ€); Isabela Merced (â€œAlien: Romulusâ€); Skyler Gisondo (â€œLicorice Pizzaâ€, â€œFora de SÃ©rieâ€); Sara Sampaio (â€œAt Midnightâ€); MarÃ­a Gabriela de FarÃ­a (sÃ©rie â€œThe Moodysâ€); Wendell Pierce (â€œSelma: Uma Luta pela Igualdadeâ€; sÃ©rie â€œJack Ryanâ€); Alan Tudyk (sÃ©rie â€œAndorâ€); Pruitt Taylor Vince (â€œBird Boxâ€); e Neva Howell (â€œGreedy People: Pessoas Gananciosasâ€). 

Os produtores executivos de Superman sÃ£o Nikolas Korda, Chantal Nong Vo e Lars Winther. A equipe de produÃ§Ã£o criativa de James Gunn nos bastidores inclui seus colaboradores frequentes como o diretor de fotografia Henry Braham, a designer de produÃ§Ã£o Beth Mickle, a figurinista Judianna Makovsky, e o compositor John Murphy, ao lado do tambÃ©m compositor David Fleming (â€œThe Last Of Usâ€) e dos editores William Hoy (â€œBatmanâ€), Jason Ballantine (filmes â€œITâ€, â€œThe Flashâ€) e Craig Alpert (â€œDeadpool 2â€, â€œBesouro Azulâ€). 

DC Studios apresenta uma produÃ§Ã£o da Troll Court Entertainment/The Safran Company, um filme de James Gunn, ""Superman"", que vai estrear no Brasil em 10 de julho de 2025, com distribuiÃ§Ã£o pela Warner Bros. Pictures.","2025, Anthony Carrigan, Clark Kent, Coming Soon, DC, DC Comics, DC Studios, DCU, David Corenswet, Edi Gathegi, Em breve, Filme, IMAX, Isabela Merced, James Gunn, Julho 2025, July 2025, Lex Luthor, Lois Lane, Nathan Fillion, Nicholas Hoult, Rachel Brosnahan, Super-herÃ³i, Superhero, SuperherÃ³i, Superman, Superman 2025, Superman2025, Trailer, Trailer 2025, Trailer Oficial, WB, WBD, Warner Bros, Warner Bros Pictures, Warner Brothers",00:02:08,230128,17682,1709,https://i.ytimg.com/vi/Ps8UV8SPCEQ/maxresdefault.jpg,BR
5,,,1,"Television_program, Film, Entertainment",9.29%,en-US,5,UCuNjvqjTzw9LcD9PVpTVWRA,Prime Video Brasil,4370000,AdiKOuBOy7Q,2025-06-12T00:30:07Z,19.67 horas,O VerÃ£o Que Mudou Minha Vida | Temporada 3 â€“ Trailer Oficial | Prime Video,"A vida Ã© muito curta para nÃ£o estar com a pessoa que vocÃª ama.

A temporada final de O Verao Que Mudou Minha Vida comeÃ§a em 16 de julho

Inscreva-se no canal do YouTube: https://bit.ly/35FaAo8 

Sobre o #PrimeVideo: Assine Prime Video para assistir a filmes e sÃ©ries populares, incluindo Amazon Originals premiados. AlÃ©m de um catÃ¡logo cheio de tÃ­tulos, membros Prime tÃªm acesso a benefÃ­cios, como frete GRÃTIS e rÃ¡pido em milhares de produtos na Amazon.com.br, mÃºsicas sem anÃºncios na Amazon Music, Prime Gaming na Twitch e e-books e revistas no Prime Reading. Tudo na mesma assinatura, por apenas R$ 14,90/mÃªs. Teste GrÃ¡tis por 30 dias. 

Siga nossas redes sociais: 

Instagram: https://www.instagram.com/primevideobr/ 
Facebook: https://www.facebook.com/PrimeVideoBR/ 
Twitter: https://twitter.com/PrimeVideoBR 
TikTok: https://www.tiktok.com/@primevideobr","2025, Amazon, Amazon Prime Video, Christopher Briney, Coming Soon, Drama, Gavin Casalegno, Jenny Han, Lola Tung, Official Trailer, Prime Video, PrimeVideo, Romance, Season 3 Prime, Series, Teen Drama, Teen Romance, The Summer I Turned Pretty, amazon, amazon prime, amazon prime video, amazon prime video brasil, coming-of-age, prime video, prime video brasil, trailer",00:02:46,42455,3652,291,https://i.ytimg.com/vi/AdiKOuBOy7Q/maxresdefault.jpg,BR
6,,,20,"Simulation_video_game, Action-adventure_game, Video_game_culture, Casual_game, Role-playing_video_game",3.40%,pt-BR,6,UCSp81o_5gs9sMExB3Ij0p-w,Berg Tv,2280000,qzOtPakFKek,2025-06-11T21:29:56Z,22.68 horas,Fizeram um jogo pra mim...,"Hoje eu joguei um jogo do Roblox feito pra mim, por um fÃ£...
Jogo: https://www.roblox.com/pt/games/71216450971529/Dogberg-Game

Ingressos para o show da FamÃ­lia Betero com a minha participaÃ§Ã£o (utilize o cupom ""berg2""): https://linktr.ee/familiabetero 

ğŸ“¸ Instagram: https://www.instagram.com/doguinhoberg/ 

Contato para patrocÃ­nios, parcerias, propostas, etc: correbergcontato@gmail.com","roblox, berg tv, dogberg, berg, obby",00:11:52,112163,3691,120,https://i.ytimg.com/vi/qzOtPakFKek/maxresdefault.jpg,BR
7,,,17,"Video_game_culture, Sport, Association_football",1.29%,pt-BR,7,UCZiYbVptd3PVPf4f6eR6UaQ,CazÃ©TV,19500000,R4F3CpsIJl0,2025-06-11T03:46:38Z,40.40 horas,BRASIL VENCE E ESTÃ CLASSIFICADO PARA A COPA DE 2026! COMEÃ‡OU A ERA ANCELOTTI | PAPO 10,"COPA DO MUNDO, TAMO CHEGANDO!

No Papo 10 de hoje vocÃª fica com uma resenha sobre a primeira vitÃ³ria de Carlo Ancelotti como treinador do Brasil, que classificou o Brasil para a Copa do Mundo de 2026, em partida contra o Paraguai, pelas EliminatÃ³rias da Copa do Mundo da FIFA! E aÃ­ torcedor, EMPOLGOU?","CazÃ©TV, CazÃ© TV, Casimiro ao vivo, Casimiro, CazÃ©TV ao vivo, CazÃ© ao vivo, cazetv, casimiro jogos, caze tv ao vivo, jogo ao vivo, assistir futebol, cazetv ao vivo, brasil ancelotti, selecao brasileira, selecao ancelotti, jogo brasil, brasil ao vivo, assistir brasil, brasil eliminatorias, seleÃ§Ã£o brasileira jogo, assistir ancelotti, assistir seleÃ§Ã£o, cazetv brasil, brasil paraguai",03:21:20,2013586,26049,24,https://i.ytimg.com/vi/R4F3CpsIJl0/maxresdefault.jpg,BR
8,,,22,"Pop_music, Music, Hip_hop_music, Music_of_Latin_America",13.22%,,8,UCdPlUdPHDqSI60DA0w5hhYw,TrapLaudo,56200,DgWSUDN9Axs,2025-06-12T00:05:06Z,20.09 horas,"Faz Uns Dias 2 - Traplaudo, Vulgo FK, PH, IG e Lil Kid (Album Sick Love - Faixa 05) DJ Murillo e LT","Album SICK LOVE 
OuÃ§a agora nas plataformas digitais: https://ingrv.es/sick-love-gej-3

FICHA TÃ‰CNICA 
A&R / Manager: @dentinhoescreve
Social Media: @gabriela8amorim
DireÃ§Ã£o: @borba.mov
Visualizer EdiÃ§Ã£o/Color: @rafael2k87
Motion Designer: @rafael2k87
Designer: @kaio.eduuu

4M Records
Diretor Executivo: Alexsandro Alves â€˜Alekzzadaâ€™â€™
Digital Manager: VitÃ³ria Cardoso
Social Media: Giovanna Fernandes
Gerente De Canal: Gabriel Alves


Siga Traplaudo:
Se inscreva no canal @traplaudo
Instagram: @traplaudo
Twitter: @traplaudo7","Traplaudo, MC IG, MC Don Juan, MC Ryan SP, MC PH, album, album magia azul, ig, ryan sp, ph, don juan, magia azul, trap, laudo, translaudo, album traplaudo, album azul, album trap, faz uns dias 2, faz uns dias faz 2, traplaudo faz uns dias, album sick love, sick love",00:05:38,35381,4210,467,https://i.ytimg.com/vi/DgWSUDN9Axs/maxresdefault.jpg,BR
9,,,22,"Entertainment, Lifestyle_(sociology)",7.07%,,9,UC7AeAXfk1VIa66mE4AIrEeQ,Zanella ,2080000,2X1wp4ikRIE,2025-06-11T23:00:03Z,21.17 horas,Manu X LavÃ­nia... Eu Preciso Me Decidir!!,"Seja membro deste canal e ganhe benefÃ­cios:
https://www.youtube.com/channel/UC7AeAXfk1VIa66mE4AIrEeQ/join

â­INSCREVA-SE NO MEU CANAL DE CORTES: https://www.youtube.com/channel/UCCCsuhOWsXX7_E6t3ILhKTw

â­ENTRE NO MEU SERVIDOR DO DISCORD!
https://discord.gg/fhXT5GvCav

â­INSCREVA-SE E ATIVE O SININHO PARA NÃƒO PERDER NENHUM VÃDEO!ğŸ””

â­ESTOU AO VIVO NO YOUTUBE: https://www.youtube.com/channel/UCCCsuhOWsXX7_E6t3ILhKTw

â­!ME SIGA NAS REDES SOCIAIS!â­
â€¢TIKTOKâ€¢
https://vm.tiktok.com/ZMN4jKkw1/
â€¢INSTAGRAMâ€¢
https://instagram.com/zanellaax?igshid=YmMyMTA2M2Y=

ZANELLA RUMO A 3 MILHÃ•ES EM 2025 ğŸš€ğŸŒ½ğŸŒ½
#zanella #londrina",,00:19:09,271067,18122,1049,https://i.ytimg.com/vi/2X1wp4ikRIE/maxresdefault.jpg,N/A
10,,,24,"Lifestyle_(sociology), Society",19.96%,pt-BR,10,UCvym4Rx1KHtIw9dIJOzsDcw,Clone,7500000,b7Gha1h8MZY,2025-06-11T23:42:57Z,20.46 horas,QUER CASAR COMIGO AGHATA?,"Pedi a Aghata em casamento! 

Seja membro deste canal e ganhe benefÃ­cios:
https://www.youtube.com/channel/UCvym4Rx1KHtIw9dIJOzsDcw/join

Canal das TREVAS: https://www.youtube.com/@AsTrevas

- Email (profissional): clone@clngroup.com.br
- Instagram: (henriquegrosse) 
- Twitter: @clone
- Facebook (cloneoficial)","Clone, clone youtube, clone canal, canal clone, clone pede aghata em casamento, clone pede agata e casamento, casamento, aghata e clone casamento, casar, quer casar comigo, quer casar comigo aghata, quer casar comigo agata, casa, agata, aghata",00:19:53,62926,11362,1195,https://i.ytimg.com/vi/b7Gha1h8MZY/maxresdefault.jpg,BR
11,,,20,"Simulation_video_game, Strategy_video_game, Video_game_culture",1.95%,en,11,UCBrMq7wkdPWb3PxR-GUR61A,Hay Day,2580000,Z5NpKWjJLX0,2025-06-11T10:55:23Z,33.25 horas,Discover your Hay Day farmer type and win special rewards!,"Discover your farmer type: https://supr.cl/HayDayHighlights

Best. Farm. Ever. Welcome to Hay Day, the most popular farming game on mobiles and tablets, number one in 122 countries.

Get Hay Day â–ºâ–º https://link.haydaygame.com/

Learn the lay of the land, tend to your crops, and trade goods with neighbors and friends. Itâ€™s a real special place where the crops never die even though it never rains. Sharing the farm with our quirky animals only makes things more fun!

Hay Day is available for devices running iOS, Android and Kindle!

Subscribe for more videos â–ºâ–º https://supr.cl/SubHayDay

Follow us on our Socials!

Twitter â–ºâ–º https://twitter.com/HayDay/
Instagram â–ºâ–º https://www.instagram.com/hayday 
Facebook â–ºâ–º https://www.facebook.com/haydayofficial

Hay Day Discord Chat â–ºâ–º https://discord.gg/F7Bmubq
Hay Day Reddit â–ºâ–º https://www.reddit.com/r/HayDay/","Hay Day, HayDay, Supercell, Suprcell, Farming, Farm life, mobile, tablet, mobile game, game, yt:cc=on, ios, android, amazon, series, farmer, pig, horse, cow, sheep, goat, puppy, dog, kitten, cat, fishing, sanctuary, elephant, zebra, giraffe, hippo",00:01:17,1557818,27338,3053,https://i.ytimg.com/vi/Z5NpKWjJLX0/maxresdefault.jpg,FI
12,,,22,"Society, Lifestyle_(sociology), Tourism",11.79%,pt,12,UCkIEY6rUSPy4qQjLqBBLUSg,Via Infinda,2210000,9Mco5q088YA,2025-06-11T17:19:01Z,26.86 horas,Agora Temos Janelas Na Nossa Casa (E Do Nada Fomos Parar Na Alemanha),"Baixe a Revolut agora e ganhe R$100!
https://revolut.ngih.net/c/6164586/2907403/9626

Como faz pra conseguir os 100 reais:

1 - Baixe a Revolut no link na bio e abra sua conta

2 - Deposite pelo menos 100 reais

3 - FaÃ§a um cartÃ£o de dÃ©bito (virtual ou fÃ­sico)

4 - Compre algo de pelo menos 100 reais no cartÃ£o (qualquer coisa, tipo supermercado, lanche, coisas online...)

5 - Receba o cashback em atÃ© 72h (ou seja, vc vai comprar e a Revolut vai te devolver os 100 reais)

Realmente nÃ£o sei atÃ© quando vai durar essa promoÃ§Ã£o, entÃ£o aproveite, nÃ£o tem pegadinha e nem golpe, eu sei que brasileiro jÃ¡ fica desconfiado, mas Ã© real mesmo e tambÃ©m estamos usando essa conta agora pra tudo aqui na Europa. Tem vÃ¡rios benefÃ­cios, como milhas, cashbacks, Ã© mÃ³ legal :)
 ........................................................................................................................................................................

Estamos quase terminando a parte externa da nossa tiny house! Neste vÃ­deo, mostramos passo a passo como instalamos as janelas â€” desde a preparaÃ§Ã£o das aberturas atÃ© o selamento final. TambÃ©m comeÃ§amos a construir um lindo muro de contenÃ§Ã£o de pedra, que vai ajudar a proteger nossa casinha. E como se isso jÃ¡ nÃ£o fosse suficienteâ€¦ tem uma viagem surpresa para a Alemanha para um encontro da famÃ­lia da Eda! 

Entre na minha newsletter para aprender a criar conteÃºdo da forma correta e fazer disso sua carreira:
https://creatorbusiness.com.br/

Sege  a gente aqui ğŸ‘‡ğŸ¼

https://www.instagram.com/viainfinda?igsh=bTFxbmkxeHV5MzVk 
Instagram https://www.instagram.com/edaatilla_/ 
TikTok https://www.tiktok.com/@edaatilla_  
Facebook https://www.facebook.com/Edaatillaa",,00:28:41,132066,15129,438,https://i.ytimg.com/vi/9Mco5q088YA/maxresdefault.jpg,N/A
13,,,17,"Association_football, Sport",3.34%,pt,13,UCEOMB0FexwjN4ViZTZLFrkQ,Bandsports,1070000,7I84PmsGfg8,2025-06-11T16:31:40Z,27.65 horas,"""FOI INCRÃVEL! A TÃTICA DO BRASIL MUDOU COMPLETAMENTE DE UM JOGO PARA OUTRO"" | SELEÃ‡ÃƒO BRASILEIRA","""Ã‰ MUITO DIFÃCIL MARCAR O BRASIL DESSA FORMA!"" No #G4BandSports, Arnaldo Ribeiro elogiou as mudanÃ§as feitas por Ancelotti, que nÃ£o deixou os jogadores fixos em uma posiÃ§Ã£o.

#Ancelotti #SeleÃ§Ã£oBrasileira #Brasil #Paraguai #eliminatÃ³rias 

Inscreva-se no nosso canal para ficar por dentro de todas as novidades do BandSports! 

Siga-nos tambeÌm nas redes sociais: 
Instagram: https://www.instagram.com/bandsports/
Twitter: https://x.com/bandsports
Facebook: https://www.facebook.com/BandSportsTV","seleÃ§Ã£o brasileira, ancelotti seleÃ§Ã£o brasileira, ancelotti seleÃ§Ã£o, ancelotti, carlo ancelotti, convocaÃ§Ã£o da seleÃ§Ã£o brasileira, ancelotti brasil, lista da seleÃ§Ã£o brasileira, ancelotti selecao brasileira, seleÃ§Ã£o, ancelotti na seleÃ§Ã£o, selecao brasileira, jogo da seleÃ§Ã£o brasileira, treino seleÃ§Ã£o brasileira, jogo da seleÃ§Ã£o, seleÃ§Ã£o brasileira ancelotti, jorge iggor seleÃ§Ã£o brasileira, convocaÃ§Ã£o seleÃ§Ã£o brasileira",00:10:21,110789,3354,346,https://i.ytimg.com/vi/7I84PmsGfg8/maxresdefault.jpg,BR
14,,,28,"Lifestyle_(sociology), Music",2.02%,pt,14,UC63iwP6BtIjxB6xn1GKR6Lw,Emilly Vick,24600000,Vu0wsuSREAk,2025-06-11T15:00:59Z,29.16 horas,DIA DOS NAMORADOS COM OS ROSA *batalha de casal !,"INSTAGRAM DOS ROSA (oficial)ğŸ‘‡ 
@dosrosaof
https://www.instagram.com/dosrosaof?igsh=MXV0bG92dGFhZnVtMg%3D%3D&utm_source=qr

SHOW DOS ROSA ğŸ‘‡
https://linktr.ee/showdosrosa

SITE DOS ROSAğŸ‘‡
https://grupodosrosa.com/

Bem vindos ao universo Emilly Vick, o conteÃºdo deste e de todos os vÃ­deos do canal tem como principal intuito o entretenimento. NÃ£o repita ou reproduza este conteÃºdo, seja em ambientes pÃºblicos ou privados. O conteÃºdo visa exclusivamente gerar entretenimento lÃºdico. â¤ï¸â¤ï¸",,00:14:55,2052598,37636,3918,,BR
15,,,23,"Entertainment, Film, Lifestyle_(sociology), Humour",2.67%,pt-BR,15,UCCThgVSLCXWB_1telsNuvVA,Victor Melo,5590000,zvO4b1IOo-g,2025-06-11T16:05:32Z,28.08 horas,EMILIANO FEZ UMA FESTA JUNINA,,"Humor, SÃ£o joÃ£o, Emiliano, Victor melo, ComÃ©dia",00:09:34,79899,2033,104,https://i.ytimg.com/vi/zvO4b1IOo-g/maxresdefault.jpg,BR
16,,,25,"Television_program, Society, Politics",3.72%,pt,16,UC-wcdrzucnlKGBjyEUaEWaQ,Morning Show,2000000,wNxDVlTSjIM,2025-06-11T14:14:17Z,29.94 horas,Como estÃ£o as INVESTIGAÃ‡Ã•ES do empresÃ¡rio MORTO ACHADO em AUTÃ“DROMO? Delegado Nico EXPLICA,"Delegado Nico GonÃ§alves detalha o andamento das investigaÃ§Ãµes sobre a morte do empresÃ¡rio encontrado no autÃ³dromo de Interlagos, em SÃ£o Paulo. Autoridades apuram causas, suspeitas e possÃ­veis ligaÃ§Ãµes com outros crimes. Confira o que jÃ¡ se sabe.
Apresentador: AndrÃ© Marinho
Comentaristas: Anna Beatriz Hirsh, David de Tarso, Mano Ferreira e Rafael Macris
Entrevistado: Delegado Nico

Assista ao Morning Show completo: https://youtube.com/live/Mzo7VpeCB-Y

Baixe o app Panflix: https://www.panflix.com.br/

Baixe o AppNews Jovem Pan na Google Play:
https://bit.ly/2KRm8OJ
 
Baixe o AppNews Jovem Pan na App Store:
https://apple.co/3rSwBdh

Inscreva-se no nosso canal:
https://www.youtube.com/c/jovempannews

Siga o canal ""Jovem Pan News"" no WhatsApp:
https://whatsapp.com/channel/0029VaAxUvrGJP8Fz9QZH93S 

Entre no nosso site:
http://jovempan.com.br/

Facebook:
https://www.facebook.com/jovempannews

Siga no Twitter:
https://twitter.com/JovemPanNews

Instagram:
https://www.instagram.com/jovempannews/

TikTok: 
https://www.tiktok.com/@jovempannews

#JovemPan 
#MorningShow","AndrÃ© Marinho, Felippe Monteiro, Jovem Pan, Mano Ferreira, Morning Show, morning jovem pan, morning jp, morning show jovem pan, morning show jp, pilulamorningshow, empresÃ¡rio morto autÃ³dromo, morte em Interlagos, delegado Nico, investigaÃ§Ã£o policial, caso empresÃ¡rio SP, crime em autÃ³dromo, causas da morte, corpo encontrado SP, polÃ­cia civil SP, caso misterioso, Anna Beatriz Hirsh, David de Tarso, Rafael Macris",00:18:47,68360,2284,256,https://i.ytimg.com/vi/wNxDVlTSjIM/maxresdefault.jpg,N/A
17,,,24,Lifestyle_(sociology),19.68%,en-US,17,UCy8r4aYx01TixBwD63Wu1pg,Jekriza,331000,Jb0Ik4j3A6w,2025-06-11T20:12:18Z,23.97 horas,COLOQUEI APARELHO E AMERICANOS NA FESTA JUNINA NOS EUA!! ğŸ‡ºğŸ‡¸,,,00:15:48,50568,9564,388,https://i.ytimg.com/vi/Jb0Ik4j3A6w/maxresdefault.jpg,US
18,,,17,"Sport, Association_football",13.44%,pt-BR,18,UC084Mraf1n0rUIhz0V3sZfg,VenÃª Casagrande,381000,0eQTTjGq1SE,2025-06-11T18:11:41Z,25.98 horas,URGENTE: GERSON DEIXA O FLAMENGO DEPOIS DO MUNDIAL | ZENIT PAGARÃ MULTA DE R$160 MILHÃ•ES,"Aposte (com responsabilidade) na KTO, mas APENAS se vocÃª for MAIOR de 18 anos: kto.bet.br/venecasagrande

Pix para ajudar o Canal: venelouis.casagrande@gmail.com

Seja membro deste canal e ganhe benefÃ­cios:
https://www.youtube.com/channel/UC084Mraf1n0rUIhz0V3sZfg/join

INSCREVA-SE NO CANAL VENÃŠ CASAGRANDE!

Minhas redes sociais:

Twitter: https://twitter.com/venecasagrande
Instagram: https://www.instagram.com/venecasagrande/Pix para ajudar o Canal: venelouis.casagrande@gmail.com","Flamengo, Flamengo ao vivo, Flamengo noticias, Flamengo vene casagrande, Fla noticias, Flamengo vene casagrande ao vivo, flamengo gerson vene, vene casagrande gerson, vene casagrande zenit, zenit flamengo gerson",00:10:29,133949,15069,2933,https://i.ytimg.com/vi/0eQTTjGq1SE/maxresdefault.jpg,BR
19,,,22,"Lifestyle_(sociology), Food",12.66%,pt,19,UCwi0ZfIm4_DIt42RJoa3Qqg,Canal Ana Bochi,1250000,O6yXzVL9hU0,2025-06-11T15:35:51Z,28.58 horas,ME MUDEI PRA ITALIA! TOUR PELA MINHA CASA ğŸ‡®ğŸ‡¹,"Se inscrevam no canal da familia italiana - https://youtube.com/@afamiliaitaliana?si=5XgGdrHCF5TD0L6L 

@afamiliaitaliana 

Baixe o app da nomad com cupom ANABOCHI20 e ganhr atÃ© 20 dÃ³lares - https://nomad.onelink.me/wIQT/ANABOCHI20

Me segue lÃ¡ no insta: https://www.instagram.com/ana_bochi/

TOUR PELA MINHA CASA NA ITÃLIA! ğŸ‡®ğŸ‡¹  --- Ana Bochi

Oi gente, tudo bem?! Se gostarem, nÃ£o esqueÃ§am de inscreverem-se no canal, deixarem o like e serem gentis nos comentÃ¡rios. Um beijo e atÃ© o prÃ³ximo vÃ­deo!

Contato: anabochiblog@gmail.com","canal ana bochi, ana bochi, ana bock, gravaÃ§Ã£o, zÃ© alvarenga, josÃ© alvarenga, vlog, vlogger, IntercÃ¢mbio, ItÃ¡lia, famÃ­lia italiana",00:28:07,104504,12641,594,https://i.ytimg.com/vi/O6yXzVL9hU0/maxresdefault.jpg,BR
20,,,10,"Pop_music, Music_of_Asia, Music, Electronic_music",21.76%,ko,20,UCQdq-lqPEq_yZ_wP_kuVB9Q,KQ ENTERTAINMENT,3010000,AD-S4wkWkik,2025-06-12T04:00:01Z,16.17 horas,ATEEZ(ì—ì´í‹°ì¦ˆ) - 'Lemon Drop' Official MV Teaser 2,"ATEEZ(ì—ì´í‹°ì¦ˆ) - 'Lemon Drop' Official MV Teaser 2

ğŸ“Pre-save/add : https://ateez.lnk.to/goldenhour_part3

â–¶ ATEEZ Official Platform:
http://ateez.kqent.com
â–¶ ATEEZ Official X:
https://twitter.com/ATEEZofficial
â–¶ ATEEZ Official Instagram:
https://instagram.com/ATEEZ_official_
â–¶ ATEEZ Official TikTok:
https://www.tiktok.com/@ateez_official_
â–¶ ATEEZ Official Facebook:
https://facebook.com/ATEEZofficial

â–¶ KQ Official Homepage:
http://kqent.com
â–¶ KQ Official Facebook:
https://facebook.com/kqent
â–¶ KQ Official X:
https://twitter.com/kqent
â–¶ KQ Official Instagram:
https://instagram.com/kqent

#ATEEZ #ì—ì´í‹°ì¦ˆ
#GOLDENHOUR #GOLDENHOUR_Part3 #LemonDrop","KQ, ì¼€ì´í",00:00:32,230264,47720,2386,https://i.ytimg.com/vi/AD-S4wkWkik/maxresdefault.jpg,N/A
21,,,24,"Food, Television_program, Lifestyle_(sociology), Entertainment",2.52%,pt-BR,21,UC2EWGw-KBjEReUbXMJEiaCA,MasterChef Brasil,5630000,R0I--YbevGA,2025-06-11T08:00:06Z,36.17 horas,EP. 03 - 1/5: PASTEL E ARROZ TÃŠM QUE BRILHAR! (10/06/25) | TEMP. 12 | MASTERCHEF BRASIL,"PARTE 1 de 5 â€“ Foi dia de Feira no MasterChef Brasil! Os participantes se dividiram em duas equipes para servirem 100 funcionÃ¡rios da Band. Na eliminaÃ§Ã£o, um queridÃ­ssimo de todos teve que brilhar: o ARROZ!Â BoraÂ ver?

Inscreva-se no canal oficial do #MasterChefBr no YouTube: https://goo.gl/hcUL7X

Veja todos os episÃ³dios (T12E03 - 2025): https://bit.ly/MC_BR_T12


Assista tambÃ©m: 

MasterChef Brasil
Temp 11 (2024): https://bit.ly/MC_BR_T11
Temp 10 (2023): https://bit.ly/MC_BR_T10
Temp 9 (2022): https://bit.ly/MC_BR_T09
Temp 8 (2021): https://bit.ly/MC_BR_T08
Temp 7 (2020): https://bit.ly/MC_BR_T07
Temp 6 (2019): https://bit.ly/MC_BR_T06
Temp 5 (2018): https://bit.ly/MC_BR_T05
Temp 4 (2017): https://bit.ly/MC_BR_T04
Temp 3 (2016): https://bit.ly/MC_BR_T03
Temp 2 (2015): https://bit.ly/MC_BR_T02
Temp 1 (2014): https://bit.ly/MC_BR_T01

MasterChef Profissionais Brasil
Temp 5 (2023): https://bit.ly/MC_Pro_T05
Temp 4 (2022): https://bit.ly/MC_Pro_T04
Temp 3 (2018): https://bit.ly/MC_Pro_T03
Temp 2 (2017): https://bit.ly/MC_Pro_T02
Temp 1 (2016): https://bit.ly/MC_Pro_T01

MasterChef+ 
Temp 1 (2022): https://bit.ly/MCMais_T01

MasterChef A Revanche 
Temp 1 (2019): https://bit.ly/MC_BR_Revanche_T01

MasterChef JÃºnior Brasil
Temp 1 (2015): https://bit.ly/MC_Jr_T01
Temp 2 (2022): https://bit.ly/MC_Jr_T02

MasterChef Creators
Temp 1 (2025): https://bit.ly/MC_Creators_T01

Os comentÃ¡rios nos vÃ­deos do canal MasterChef Brasil implicam na autorizaÃ§Ã£o de uso gratuito e sem limitaÃ§Ã£o da imagem a critÃ©rio exclusivo da Endemol Shine Brasil, para posterior publicaÃ§Ã£o, transmissÃ£o, retransmissÃ£o, reproduÃ§Ã£o, distribuiÃ§Ã£o ou divulgaÃ§Ã£o em TV, cinema, rÃ¡dio, internet, publicidade ou qualquer outro veÃ­culo de comunicaÃ§Ã£o, produÃ§Ã£o de DVD e home-video, sem que caracterize uso indevido ou qualquer outra violaÃ§Ã£o de direitos e sem que deste uso decorra qualquer Ã´nusÂ /Â indenizaÃ§Ã£o.","brasil, temporada 12, nova temporada, S12, masterchef br 2025, temporada 2025, HELENA RIZZO, ERICK JACQUIN, jacquin, paola carosella, henrique fogaÃ§a, ana paula padrÃ£o, fogaÃ§a, masterchef voltou, nova temporada masterchef, ifood, mercado, receitas, petiscos, pastel, feira, arroz, caldo de cana, 100 pessoas, funcionarios, equipe, prova equipe, prato fino, arroz especial",00:26:50,998468,23607,1542,https://i.ytimg.com/vi/R0I--YbevGA/maxresdefault.jpg,BR
22,,,24,"Food, Television_program, Lifestyle_(sociology), Entertainment",1.93%,pt-BR,22,UC2EWGw-KBjEReUbXMJEiaCA,MasterChef Brasil,5630000,GX-KBqqfGzc,2025-06-11T08:01:06Z,36.16 horas,EP. 03 - 2/5: PASTEL E ARROZ TÃŠM QUE BRILHAR! (10/06/25) | TEMP. 12 | MASTERCHEF BRASIL,"PARTE 2 de 5 â€“ Foi dia de Feira no MasterChef Brasil! Os participantes se dividiram em duas equipes para servirem 100 funcionÃ¡rios da Band. Na eliminaÃ§Ã£o, um queridÃ­ssimo de todos teve que brilhar: o ARROZ!Â BoraÂ ver?

Inscreva-se no canal oficial do #MasterChefBr no YouTube: https://goo.gl/hcUL7X

Veja todos os episÃ³dios (T12E03 - 2025): https://bit.ly/MC_BR_T12


Assista tambÃ©m: 

MasterChef Brasil
Temp 11 (2024): https://bit.ly/MC_BR_T11
Temp 10 (2023): https://bit.ly/MC_BR_T10
Temp 9 (2022): https://bit.ly/MC_BR_T09
Temp 8 (2021): https://bit.ly/MC_BR_T08
Temp 7 (2020): https://bit.ly/MC_BR_T07
Temp 6 (2019): https://bit.ly/MC_BR_T06
Temp 5 (2018): https://bit.ly/MC_BR_T05
Temp 4 (2017): https://bit.ly/MC_BR_T04
Temp 3 (2016): https://bit.ly/MC_BR_T03
Temp 2 (2015): https://bit.ly/MC_BR_T02
Temp 1 (2014): https://bit.ly/MC_BR_T01

MasterChef Profissionais Brasil
Temp 5 (2023): https://bit.ly/MC_Pro_T05
Temp 4 (2022): https://bit.ly/MC_Pro_T04
Temp 3 (2018): https://bit.ly/MC_Pro_T03
Temp 2 (2017): https://bit.ly/MC_Pro_T02
Temp 1 (2016): https://bit.ly/MC_Pro_T01

MasterChef+ 
Temp 1 (2022): https://bit.ly/MCMais_T01

MasterChef A Revanche 
Temp 1 (2019): https://bit.ly/MC_BR_Revanche_T01

MasterChef JÃºnior Brasil
Temp 1 (2015): https://bit.ly/MC_Jr_T01
Temp 2 (2022): https://bit.ly/MC_Jr_T02

MasterChef Creators
Temp 1 (2025): https://bit.ly/MC_Creators_T01

Os comentÃ¡rios nos vÃ­deos do canal MasterChef Brasil implicam na autorizaÃ§Ã£o de uso gratuito e sem limitaÃ§Ã£o da imagem a critÃ©rio exclusivo da Endemol Shine Brasil, para posterior publicaÃ§Ã£o, transmissÃ£o, retransmissÃ£o, reproduÃ§Ã£o, distribuiÃ§Ã£o ou divulgaÃ§Ã£o em TV, cinema, rÃ¡dio, internet, publicidade ou qualquer outro veÃ­culo de comunicaÃ§Ã£o, produÃ§Ã£o de DVD e home-video, sem que caracterize uso indevido ou qualquer outra violaÃ§Ã£o de direitos e sem que deste uso decorra qualquer Ã´nusÂ /Â indenizaÃ§Ã£o.","brasil, temporada 12, nova temporada, S12, masterchef br 2025, temporada 2025, HELENA RIZZO, ERICK JACQUIN, jacquin, paola carosella, henrique fogaÃ§a, ana paula padrÃ£o, fogaÃ§a, masterchef voltou, nova temporada masterchef, ifood, mercado, receitas, petiscos, pastel, feira, arroz, caldo de cana, 100 pessoas, funcionarios, equipe, prova equipe, prato fino, arroz especial",00:19:29,773600,14248,658,https://i.ytimg.com/vi/GX-KBqqfGzc/maxresdefault.jpg,BR
23,,,24,"Lifestyle_(sociology), Television_program, Food, Entertainment",1.85%,pt-BR,23,UC2EWGw-KBjEReUbXMJEiaCA,MasterChef Brasil,5630000,sral14IBQNk,2025-06-11T08:02:06Z,36.14 horas,EP. 03 - 3/5: PASTEL E ARROZ TÃŠM QUE BRILHAR! (10/06/25) | TEMP. 12 | MASTERCHEF BRASIL,"PARTE 3 de 5 â€“ Foi dia de Feira no MasterChef Brasil! Os participantes se dividiram em duas equipes para servirem 100 funcionÃ¡rios da Band. Na eliminaÃ§Ã£o, um queridÃ­ssimo de todos teve que brilhar: o ARROZ!Â BoraÂ ver?

Inscreva-se no canal oficial do #MasterChefBr no YouTube: https://goo.gl/hcUL7X

Veja todos os episÃ³dios (T12E03 - 2025): https://bit.ly/MC_BR_T12


Assista tambÃ©m: 

MasterChef Brasil
Temp 11 (2024): https://bit.ly/MC_BR_T11
Temp 10 (2023): https://bit.ly/MC_BR_T10
Temp 9 (2022): https://bit.ly/MC_BR_T09
Temp 8 (2021): https://bit.ly/MC_BR_T08
Temp 7 (2020): https://bit.ly/MC_BR_T07
Temp 6 (2019): https://bit.ly/MC_BR_T06
Temp 5 (2018): https://bit.ly/MC_BR_T05
Temp 4 (2017): https://bit.ly/MC_BR_T04
Temp 3 (2016): https://bit.ly/MC_BR_T03
Temp 2 (2015): https://bit.ly/MC_BR_T02
Temp 1 (2014): https://bit.ly/MC_BR_T01

MasterChef Profissionais Brasil
Temp 5 (2023): https://bit.ly/MC_Pro_T05
Temp 4 (2022): https://bit.ly/MC_Pro_T04
Temp 3 (2018): https://bit.ly/MC_Pro_T03
Temp 2 (2017): https://bit.ly/MC_Pro_T02
Temp 1 (2016): https://bit.ly/MC_Pro_T01

MasterChef+ 
Temp 1 (2022): https://bit.ly/MCMais_T01

MasterChef A Revanche 
Temp 1 (2019): https://bit.ly/MC_BR_Revanche_T01

MasterChef JÃºnior Brasil
Temp 1 (2015): https://bit.ly/MC_Jr_T01
Temp 2 (2022): https://bit.ly/MC_Jr_T02

MasterChef Creators
Temp 1 (2025): https://bit.ly/MC_Creators_T01

Os comentÃ¡rios nos vÃ­deos do canal MasterChef Brasil implicam na autorizaÃ§Ã£o de uso gratuito e sem limitaÃ§Ã£o da imagem a critÃ©rio exclusivo da Endemol Shine Brasil, para posterior publicaÃ§Ã£o, transmissÃ£o, retransmissÃ£o, reproduÃ§Ã£o, distribuiÃ§Ã£o ou divulgaÃ§Ã£o em TV, cinema, rÃ¡dio, internet, publicidade ou qualquer outro veÃ­culo de comunicaÃ§Ã£o, produÃ§Ã£o de DVD e home-video, sem que caracterize uso indevido ou qualquer outra violaÃ§Ã£o de direitos e sem que deste uso decorra qualquer Ã´nusÂ /Â indenizaÃ§Ã£o.","brasil, temporada 12, nova temporada, S12, masterchef br 2025, temporada 2025, HELENA RIZZO, ERICK JACQUIN, jacquin, paola carosella, henrique fogaÃ§a, ana paula padrÃ£o, fogaÃ§a, masterchef voltou, nova temporada masterchef, ifood, mercado, receitas, petiscos, pastel, feira, arroz, caldo de cana, 100 pessoas, funcionarios, equipe, prova equipe, prato fino, arroz especial",00:12:55,670610,11790,631,https://i.ytimg.com/vi/sral14IBQNk/maxresdefault.jpg,BR
24,,,17,"Sport, Association_football",12.84%,pt-BR,24,UC084Mraf1n0rUIhz0V3sZfg,VenÃª Casagrande,381000,Ae2NdxUbaEk,2025-06-12T10:24:54Z,9.76 horas,MAIS BASTIDORES DA SAÃDA DE GERSON | FLAMENGO VAI TIRAR O MEIA DO MUNDIAL? | SAIBA DETALHES,"Aposte (com responsabilidade) na KTO, mas APENAS se vocÃª for MAIOR de 18 anos: kto.bet.br/venecasagrande

Pix para ajudar o Canal: venelouis.casagrande@gmail.com

Seja membro deste canal e ganhe benefÃ­cios:
https://www.youtube.com/channel/UC084Mraf1n0rUIhz0V3sZfg/join

INSCREVA-SE NO CANAL VENÃŠ CASAGRANDE!

Minhas redes sociais:

Twitter: https://twitter.com/venecasagrande
Instagram: https://www.instagram.com/venecasagrande/Pix para ajudar o Canal: venelouis.casagrande@gmail.com","Flamengo, Flamengo ao vivo, Flamengo notÃ­cias ao vivo, Flamengo vene casagrande, Flamengo gerson, zenit, zenit flamengo gerson, gerson flamengo",00:10:11,92912,10771,1157,,BR
25,,,25,"Politics, Society",2.66%,pt-BR,25,UCmYuiV9wAR3i8p19Ygc7izg,Folha de S.Paulo,1020000,x_puiLGITdQ,2025-06-10T20:12:25Z,47.97 horas,Veja principais momentos do depoimento de Jair Bolsonaro no STF,"O ex-presidente Jair Bolsonaro (PL) negou em depoimento ao STF (Supremo Tribunal Federal) nesta terÃ§a-feira (10) que tenha discutido planos para dar um golpe de Estado apÃ³s a vitÃ³ria de Lula (PT) na eleiÃ§Ã£o presidencial de 2022.

Segundo Bolsonaro, o que ele discutiu com chefes das ForÃ§as Armadas foram alternativas dentro da ConstituiÃ§Ã£o â€”sem dizer, porÃ©m, qual era o objetivo das medidas estudadas com os militares.

Assine a TV Folha
https://goo.gl/EBg4ag

Leia mais na Folha
http://www.folha.com.br

Instagram
https://www.instagram.com/folhadespaulo/","folha, jornalismo, folha de s.paulo, tv folha, notÃ­cias, folha de sao paulo, brasil, sÃ£o paulo, rio de janeiro, bolsonaro, depoimento, stf, alexandre de moraes, 8 de janeiro",00:14:18,114746,2368,685,https://i.ytimg.com/vi/x_puiLGITdQ/maxresdefault.jpg,BR
26,,,10,"Music, Music_of_Asia, Pop_music",15.61%,ja,26,UCXhj2pPWvONXmvgHX5wllCA,Stray Kids Japan Official YouTube,3380000,F4qFzuCA9Po,2025-06-10T15:00:07Z,53.17 horas,Stray Kids ã€Hollowã€ Music Video,"â– 2025å¹´6æœˆ18æ—¥(æ°´)ç™ºå£²
JAPAN 3rd Mini Albumã€Hollowã€
ç‰¹è¨­ã‚µã‚¤ãƒˆï¼šhttps://www.straykidsjapan.com/hollow/
ã”äºˆç´„ã¯ã“ã¡ã‚‰ï¼šhttps://straykids.lnk.to/dmCUaj

â– ã€ŒHollowã€å…ˆè¡Œé…ä¿¡ï¼š
https://straykids.lnk.to/oFWrZM

â– Stray Kids Japan Official Site : https://www.straykidsjapan.com
â– Twitter : Japan Official Twitter : https://twitter.com/stray_kids_jp
â– Instagram : Japan Official Instagram : https://www.instagram.com/straykids_official_jp/
â– TikTok : Japan Official TikTok : https://www.tiktok.com/@straykids_japan
â– Stray Kids Japan Official YouTube : https://www.youtube.com/channel/UCXhj2pPWvONXmvgHX5wllCA
â– Stray Kids Japan Official FANCLUB : https://skz-stayjapan.com/s/n104/page/about_main


â– 2025å¹´6æœˆ18æ—¥(æ°´)ç™ºå£²
JAPAN 3rd Mini Albumã€Hollowã€

ï¼œåéŒ²æ›²ï¼
1. Hollow
2. Parade
3. Never Alone
4. just a little
5. å®¿å‘½
6. Hollow (Instrumental) â€»FCé™å®šç›¤ã®ã¿åéŒ²

ï¼œåˆå›ç”Ÿç”£é™å®šç›¤A : CDï¼‹Blu-ray ï¿¥4,000 / ESCL-6103ï½6104ï¼
ï¼Š24P PHOTO BOOK (Type A)
ï¼Šã‚ªãƒªã‚¸ãƒŠãƒ«ã‚¸ãƒ£ã‚±ãƒƒãƒˆãƒ»ãƒˆãƒ¼ãƒ«ã‚±ãƒ¼ã‚¹ã‚µã‚¤ã‚ºãƒ‡ã‚¸ãƒ‘ãƒƒã‚¯ä»•æ§˜
ï¼Šãƒ•ã‚©ãƒˆã‚«ãƒ¼ãƒ‰A (ãƒ¡ãƒ³ãƒãƒ¼åˆ¥å…¨16ç¨®ã‚ˆã‚Š2æšãƒ©ãƒ³ãƒ€ãƒ å°å…¥)
ï¼Šã‚ªãƒªã‚¸ãƒŠãƒ«IDãƒ•ã‚©ãƒˆA (ãƒ¡ãƒ³ãƒãƒ¼åˆ¥å…¨8ç¨®ã‚ˆã‚Š1æšãƒ©ãƒ³ãƒ€ãƒ å°å…¥)
ï¼Šã‚·ãƒªã‚¢ãƒ«ãƒŠãƒ³ãƒãƒ¼1å£å°å…¥

ï¼ŠBlu-ray åéŒ²å†…å®¹
ãƒ»Jacket Shooting Making Movie
ãƒ»Jacket Shooting Making Movie (Relay Cam ver.)
ãƒ»ã€ŒHollowã€ Recording Making Movie
ãƒ»ã€ŒGIANTã€ Music Video
ãƒ»ã€ŒGIANTã€ Music Video Making Movi
ãƒ»ã€ŒChristmas Loveã€ Music Video
ãƒ»ã€ŒChristmas Loveã€ Music Video Making Movie

ï¼œåˆå›ç”Ÿç”£é™å®šç›¤B : CDï¼‹ã‚¹ãƒšã‚·ãƒ£ãƒ«ZINE ï¿¥3,800 / ESCL-6105ï½6106ï¼
ï¼Š32P PHOTO BOOK (Type B)
ï¼Šã‚¹ãƒšã‚·ãƒ£ãƒ«ZINE 20P (ãƒ¡ãƒ³ãƒãƒ¼æ‰‹æ›¸ããƒ¡ãƒƒã‚»ãƒ¼ã‚¸ä»˜)ã€€
ï¼Šã‚ªãƒªã‚¸ãƒŠãƒ«ã‚¸ãƒ£ã‚±ãƒƒãƒˆãƒ»ãƒˆãƒ¼ãƒ«ã‚±ãƒ¼ã‚¹ã‚µã‚¤ã‚ºãƒ‡ã‚¸ãƒ‘ãƒƒã‚¯ä»•æ§˜
ï¼Šãƒ•ã‚©ãƒˆã‚«ãƒ¼ãƒ‰B (ãƒ¡ãƒ³ãƒãƒ¼åˆ¥å…¨16ç¨®ã‚ˆã‚Š2æšãƒ©ãƒ³ãƒ€ãƒ å°å…¥)
ï¼Šã‚ªãƒªã‚¸ãƒŠãƒ«IDãƒ•ã‚©ãƒˆB (ãƒ¡ãƒ³ãƒãƒ¼åˆ¥å…¨8ç¨®ã‚ˆã‚Š1æšãƒ©ãƒ³ãƒ€ãƒ å°å…¥)
ï¼Šã‚¹ãƒ†ãƒƒã‚«ãƒ¼ã‚·ãƒ¼ãƒˆ1æš
ï¼Šã‚·ãƒªã‚¢ãƒ«ãƒŠãƒ³ãƒãƒ¼1å£å°å…¥

ï¼œé€šå¸¸ç›¤(åˆå›ä»•æ§˜)ï¼šCD Only ï¿¥2,800 / ESCL-6107ï¼
ï¼Š12P PHOTO BOOK
ï¼Šãƒ•ã‚©ãƒˆã‚«ãƒ¼ãƒ‰C (ãƒ¡ãƒ³ãƒãƒ¼åˆ¥å…¨8ç¨®ã‚ˆã‚Š1æšãƒ©ãƒ³ãƒ€ãƒ å°å…¥) â€»åˆå›ä»•æ§˜ã®ã¿å°å…¥
ï¼Šã‚·ãƒªã‚¢ãƒ«ãƒŠãƒ³ãƒãƒ¼1å£å°å…¥ â€»åˆå›ä»•æ§˜ã®ã¿å°å…¥

ï¼œæœŸé–“ç”Ÿç”£é™å®šç›¤(åˆå›ä»•æ§˜)ï¼šCDï¼‹ãƒ“ã‚¸ãƒ¥ã‚¢ãƒ«ã‚«ãƒ¼ãƒ‰ã‚»ãƒƒãƒˆï¿¥3,900 / ESCL-6108ï½6109ï¼
ï¼Š8P LYRIC BOOK
ï¼Šã‚ªãƒªã‚¸ãƒŠãƒ«ã‚¸ãƒ£ã‚±ãƒƒãƒˆãƒ»ãƒˆãƒ¼ãƒ«ã‚±ãƒ¼ã‚¹ã‚µã‚¤ã‚ºãƒ‡ã‚¸ãƒ‘ãƒƒã‚¯ä»•æ§˜
ï¼Šãƒ“ã‚¸ãƒ¥ã‚¢ãƒ«ã‚«ãƒ¼ãƒ‰ã‚»ãƒƒãƒˆ (ãƒ¡ãƒ³ãƒãƒ¼ã‚½ãƒ­ä¸¡é¢çµµæŸ„8æšï¼‹ãƒ¡ãƒ³ãƒãƒ¼é›†åˆçµµæŸ„1æš/180Ã—130mm)
ï¼Šãƒ•ã‚©ãƒˆã‚«ãƒ¼ãƒ‰D (ãƒ¡ãƒ³ãƒãƒ¼åˆ¥å…¨8ç¨®ã‚ˆã‚Š1æšãƒ©ãƒ³ãƒ€ãƒ å°å…¥) â€»åˆå›ä»•æ§˜ã®ã¿å°å…¥
ï¼Šãƒ–ãƒ­ãƒã‚¤ãƒ‰ã‚«ãƒ¼ãƒ‰ (ãƒ¡ãƒ³ãƒãƒ¼åˆ¥å…¨8ç¨®ã‚ˆã‚Š1æšãƒ©ãƒ³ãƒ€ãƒ å°å…¥) â€»åˆå›ä»•æ§˜ã®ã¿å°å…¥
ï¼Šã‚·ãƒªã‚¢ãƒ«ãƒŠãƒ³ãƒãƒ¼1å£å°å…¥ â€»åˆå›ä»•æ§˜ã®ã¿å°å…¥

ã€FANCLUBä¼šå“¡é™å®šç›¤ã€‘ã€€8å½¢æ…‹
â€»Stray Kids OFFICIAL FANCLUBã€ŒSTAY JAPANã€ã¾ãŸã¯ã€ŒSTAY JAPAN MOBILEã€ä¼šå“¡é™å®š(å®Œå…¨å—æ³¨ç”Ÿç”£é™å®šå•†å“ã¨ãªã‚Šã¾ã™)

ï¼œFANCLUBä¼šå“¡é™å®šç›¤ (Bang Chanç›¤) : CD Only ï¿¥3,000 / ESC8-220ï¼
ï¼Š12P PHOTO BOOK (ãƒãƒ³ãƒãƒ£ãƒ³çµµæŸ„)
ï¼Šã‚¹ãƒšã‚·ãƒ£ãƒ«ä¸¡é¢ãƒ•ã‚©ãƒˆã‚«ãƒ¼ãƒ‰ (ãƒãƒ³ãƒãƒ£ãƒ³çµµæŸ„å…¨2ç¨®ã‚ˆã‚Š1æšãƒ©ãƒ³ãƒ€ãƒ å°å…¥)
ï¼Šãƒ–ãƒƒã‚¯ãƒ¬ãƒƒãƒˆã‚µã‚¤ã‚ºã‚ªãƒªã‚¸ãƒŠãƒ«ä¸¡é¢ã‚«ãƒ¼ãƒ‰ (ãƒãƒ³ãƒãƒ£ãƒ³çµµæŸ„2æšå°å…¥)
ï¼Šã‚ªãƒªã‚¸ãƒŠãƒ«IDãƒ•ã‚©ãƒˆFCç›¤ã‚¹ãƒšã‚·ãƒ£ãƒ« (ãƒãƒ³ãƒãƒ£ãƒ³çµµæŸ„å…¨2ç¨®ã‚ˆã‚Š1æšãƒ©ãƒ³ãƒ€ãƒ å°å…¥)

ï¼œFANCLUBä¼šå“¡é™å®šç›¤ (Lee Knowç›¤) : CD Only ï¿¥3,000 / ESC8-221ï¼
ï¼Š12P PHOTO BOOK (ãƒªãƒçµµæŸ„)
ï¼Šã‚¹ãƒšã‚·ãƒ£ãƒ«ä¸¡é¢ãƒ•ã‚©ãƒˆã‚«ãƒ¼ãƒ‰ (ãƒªãƒçµµæŸ„å…¨2ç¨®ã‚ˆã‚Š1æšãƒ©ãƒ³ãƒ€ãƒ å°å…¥)
ï¼Šãƒ–ãƒƒã‚¯ãƒ¬ãƒƒãƒˆã‚µã‚¤ã‚ºã‚ªãƒªã‚¸ãƒŠãƒ«ä¸¡é¢ã‚«ãƒ¼ãƒ‰ (ãƒªãƒçµµæŸ„2æšå°å…¥)
ï¼Šã‚ªãƒªã‚¸ãƒŠãƒ«IDãƒ•ã‚©ãƒˆFCç›¤ã‚¹ãƒšã‚·ãƒ£ãƒ« (ãƒªãƒçµµæŸ„å…¨2ç¨®ã‚ˆã‚Š1æšãƒ©ãƒ³ãƒ€ãƒ å°å…¥)

ï¼œFANCLUBä¼šå“¡é™å®šç›¤ (Changbinç›¤) : CD Only ï¿¥3,000 / ESC8-222ï¼
ï¼Š12P PHOTO BOOK (ãƒãƒ£ãƒ³ãƒ“ãƒ³çµµæŸ„)
ï¼Šã‚¹ãƒšã‚·ãƒ£ãƒ«ä¸¡é¢ãƒ•ã‚©ãƒˆã‚«ãƒ¼ãƒ‰ (ãƒãƒ£ãƒ³ãƒ“ãƒ³çµµæŸ„å…¨2ç¨®ã‚ˆã‚Š1æšãƒ©ãƒ³ãƒ€ãƒ å°å…¥)
ï¼Šãƒ–ãƒƒã‚¯ãƒ¬ãƒƒãƒˆã‚µã‚¤ã‚ºã‚ªãƒªã‚¸ãƒŠãƒ«ä¸¡é¢ã‚«ãƒ¼ãƒ‰ (ãƒãƒ£ãƒ³ãƒ“ãƒ³çµµæŸ„2æšå°å…¥)
ï¼Šã‚ªãƒªã‚¸ãƒŠãƒ«IDãƒ•ã‚©ãƒˆFCç›¤ã‚¹ãƒšã‚·ãƒ£ãƒ« (ãƒãƒ£ãƒ³ãƒ“ãƒ³çµµæŸ„å…¨2ç¨®ã‚ˆã‚Š1æšãƒ©ãƒ³ãƒ€ãƒ å°å…¥)

ï¼œFANCLUBä¼šå“¡é™å®šç›¤ (Hyunjinç›¤) : CD Only ï¿¥3,000 / ESC8-223ï¼
ï¼Š12P PHOTO BOOK (ãƒ’ãƒ§ãƒ³ã‚¸ãƒ³çµµæŸ„)
ï¼Šã‚¹ãƒšã‚·ãƒ£ãƒ«ä¸¡é¢ãƒ•ã‚©ãƒˆã‚«ãƒ¼ãƒ‰ (ãƒ’ãƒ§ãƒ³ã‚¸ãƒ³çµµæŸ„å…¨2ç¨®ã‚ˆã‚Š1æšãƒ©ãƒ³ãƒ€ãƒ å°å…¥)
ï¼Šãƒ–ãƒƒã‚¯ãƒ¬ãƒƒãƒˆã‚µã‚¤ã‚ºã‚ªãƒªã‚¸ãƒŠãƒ«ä¸¡é¢ã‚«ãƒ¼ãƒ‰ (ãƒ’ãƒ§ãƒ³ã‚¸ãƒ³çµµæŸ„2æšå°å…¥)
ï¼Šã‚ªãƒªã‚¸ãƒŠãƒ«IDãƒ•ã‚©ãƒˆFCç›¤ã‚¹ãƒšã‚·ãƒ£ãƒ« (ãƒ’ãƒ§ãƒ³ã‚¸ãƒ³çµµæŸ„å…¨2ç¨®ã‚ˆã‚Š1æšãƒ©ãƒ³ãƒ€ãƒ å°å…¥)

ï¼œFANCLUBä¼šå“¡é™å®šç›¤ (HANç›¤) : CD Only ï¿¥3,000 / ESC8-224ï¼
ï¼Š12P PHOTO BOOK (ãƒãƒ³çµµæŸ„)
ï¼Šã‚¹ãƒšã‚·ãƒ£ãƒ«ä¸¡é¢ãƒ•ã‚©ãƒˆã‚«ãƒ¼ãƒ‰ (ãƒãƒ³çµµæŸ„å…¨2ç¨®ã‚ˆã‚Š1æšãƒ©ãƒ³ãƒ€ãƒ å°å…¥)
ï¼Šãƒ–ãƒƒã‚¯ãƒ¬ãƒƒãƒˆã‚µã‚¤ã‚ºã‚ªãƒªã‚¸ãƒŠãƒ«ä¸¡é¢ã‚«ãƒ¼ãƒ‰ (ãƒãƒ³çµµæŸ„2æšå°å…¥)
ï¼Šã‚ªãƒªã‚¸ãƒŠãƒ«IDãƒ•ã‚©ãƒˆFCç›¤ã‚¹ãƒšã‚·ãƒ£ãƒ« (ãƒãƒ³çµµæŸ„å…¨2ç¨®ã‚ˆã‚Š1æšãƒ©ãƒ³ãƒ€ãƒ å°å…¥)

ï¼œFANCLUBä¼šå“¡é™å®šç›¤ (Felixç›¤) : CD Only ï¿¥3,000 / ESC8-225ï¼
ï¼Š12P PHOTO BOOK (ãƒ•ã‚£ãƒªãƒƒã‚¯ã‚¹çµµæŸ„)
ï¼Šã‚¹ãƒšã‚·ãƒ£ãƒ«ä¸¡é¢ãƒ•ã‚©ãƒˆã‚«ãƒ¼ãƒ‰ (ãƒ•ã‚£ãƒªãƒƒã‚¯ã‚¹çµµæŸ„å…¨2ç¨®ã‚ˆã‚Š1æšãƒ©ãƒ³ãƒ€ãƒ å°å…¥)
ï¼Šãƒ–ãƒƒã‚¯ãƒ¬ãƒƒãƒˆã‚µã‚¤ã‚ºã‚ªãƒªã‚¸ãƒŠãƒ«ä¸¡é¢ã‚«ãƒ¼ãƒ‰ (ãƒ•ã‚£ãƒªãƒƒã‚¯ã‚¹çµµæŸ„2æšå°å…¥)
ï¼Šã‚ªãƒªã‚¸ãƒŠãƒ«IDãƒ•ã‚©ãƒˆFCç›¤ã‚¹ãƒšã‚·ãƒ£ãƒ« (ãƒ•ã‚£ãƒªãƒƒã‚¯ã‚¹çµµæŸ„å…¨2ç¨®ã‚ˆã‚Š1æšãƒ©ãƒ³ãƒ€ãƒ å°å…¥)

ï¼œFANCLUBä¼šå“¡é™å®šç›¤ (Seungminç›¤) : CD Only ï¿¥3,000 / ESC8-226ï¼
ï¼Š12P PHOTO BOOK (ã‚¹ãƒ³ãƒŸãƒ³çµµæŸ„)
ï¼Šã‚¹ãƒšã‚·ãƒ£ãƒ«ä¸¡é¢ãƒ•ã‚©ãƒˆã‚«ãƒ¼ãƒ‰ (ã‚¹ãƒ³ãƒŸãƒ³çµµæŸ„å…¨2ç¨®ã‚ˆã‚Š1æšãƒ©ãƒ³ãƒ€ãƒ å°å…¥)
ï¼Šãƒ–ãƒƒã‚¯ãƒ¬ãƒƒãƒˆã‚µã‚¤ã‚ºã‚ªãƒªã‚¸ãƒŠãƒ«ä¸¡é¢ã‚«ãƒ¼ãƒ‰ (ã‚¹ãƒ³ãƒŸãƒ³çµµæŸ„2æšå°å…¥)
ï¼Šã‚ªãƒªã‚¸ãƒŠãƒ«IDãƒ•ã‚©ãƒˆFCç›¤ã‚¹ãƒšã‚·ãƒ£ãƒ« (ã‚¹ãƒ³ãƒŸãƒ³çµµæŸ„å…¨2ç¨®ã‚ˆã‚Š1æšãƒ©ãƒ³ãƒ€ãƒ å°å…¥)

ï¼œFANCLUBä¼šå“¡é™å®šç›¤ (I.Nç›¤) : CD Only ï¿¥3,000 / ESC8-227ï¼
ï¼Š12P PHOTO BOOK (ã‚¢ã‚¤ã‚¨ãƒ³çµµæŸ„)
ï¼Šã‚¹ãƒšã‚·ãƒ£ãƒ«ä¸¡é¢ãƒ•ã‚©ãƒˆã‚«ãƒ¼ãƒ‰ (ã‚¢ã‚¤ã‚¨ãƒ³çµµæŸ„å…¨2ç¨®ã‚ˆã‚Š1æšãƒ©ãƒ³ãƒ€ãƒ å°å…¥)
ï¼Šãƒ–ãƒƒã‚¯ãƒ¬ãƒƒãƒˆã‚µã‚¤ã‚ºã‚ªãƒªã‚¸ãƒŠãƒ«ä¸¡é¢ã‚«ãƒ¼ãƒ‰ (ã‚¢ã‚¤ã‚¨ãƒ³çµµæŸ„2æšå°å…¥)
ï¼Šã‚ªãƒªã‚¸ãƒŠãƒ«IDãƒ•ã‚©ãƒˆFCç›¤ã‚¹ãƒšã‚·ãƒ£ãƒ« (ã‚¢ã‚¤ã‚¨ãƒ³çµµæŸ„å…¨2ç¨®ã‚ˆã‚Š1æšãƒ©ãƒ³ãƒ€ãƒ å°å…¥)

#StrayKids
#ã‚¹ã‚­ã‚º
#ã‚¹ã‚­ã‚º_3rd_Mini
#JAPAN_3rd_Mini_Album
#SKZ_Hollow",,00:04:18,3846554,560160,40208,https://i.ytimg.com/vi/F4qFzuCA9Po/maxresdefault.jpg,N/A
27,,,24,Lifestyle_(sociology),7.34%,,27,UCJ-_JtS_-0G7pt6C7kkLJ3g,FamÃ­lia Jeito loko de ser,2000000,Zucxx3i9JGA,2025-06-11T12:32:21Z,31.64 horas,Fomos pegos na imigraÃ§Ã£o dos EUAğŸ‡ºğŸ‡¸ğŸ‘®â€â™‚ï¸ levamos um susto no vooâœˆï¸ NOSSA VIAGEM ATE CHEGAR EM ORLANDO,,,00:16:27,51809,3803,0,https://i.ytimg.com/vi/Zucxx3i9JGA/maxresdefault.jpg,BR
28,,,17,"Sport, Association_football",2.42%,,28,UCgCKagVhzGnZcuP9bSMgMCg,ge,6100000,ITU0oM53E4s,2025-06-11T02:08:43Z,42.03 horas,ARGENTINA 1 X 1 COLÃ”MBIA | MELHORES MOMENTOS |  ELIMINATÃ“RIAS DA COPA DO MUNDO 2026 | sportv,"JÃ¡ classificada para a Copa do Mundo, a Argentina empatou com a ColÃ´mbia por 1 a 1, hoje (10), no Monumental de NuÃ±ez, em Buenos Aires, pela 16Âª rodada das EliminatÃ³rias. Com um gol em cada etapa, a ColÃ´mbia saiu na frente com um golaÃ§o de Luis DÃ­az, mas a Argentina buscou o empate com Almada.  

O clima no 2Âº tempo esquentou, resultando na expulsÃ£o de Enzo FernÃ¡ndez e o inÃ­cio de algumas pequenas confusÃµes, inclusive apÃ³s o apito final. Apesar do empate, a Argentina se mantÃ©m na lideranÃ§a da tabela com 35 pontos. JÃ¡ a ColÃ´mbia chegou aos 22 tentos e ocupa a 6Âª posiÃ§Ã£o. 

ğŸŒŸ Confira todos os Melhores Momentos com mais replays em ge.globo: https://ge.globo.com/futebol/copa-do-mundo/eliminatorias-america-do-sul/jogo/10-06-2025/argentina-colombia.ghtml

ğŸŒŸ Veja como ficou a tabela:
https://ge.globo.com/futebol/copa-do-mundo/eliminatorias-america-do-sul/

#eliminatoriasdacopa #argentina #colombia 
___________________________________________________________________________________________________
âœ… INSCREVA-SE NO CANAL GE:  https://cutt.ly/xfHlwBk

ğŸ‘ Curtiu o vÃ­deo? Deixe seu like e dÃª seu pitaco ğŸ˜âš½ 

ğŸŒŸ Playlists pra vocÃª maratonar ğŸŒŸ 

â–º Bola Quadrada:  https://cutt.ly/IfHk7ra 
â–º BMFC: https://cutt.ly/gfHk5bH
â–º Humor no GE: https://cutt.ly/HfHk6SY
â–º Jogos HistÃ³ricos: https://cutt.ly/BkxoZJX
â–º Listas e TOPs: https://cutt.ly/hkxo51U
â–º Originais GE: https://cutt.ly/vkxpunL
â–º Melhores Momentos do BrasileirÃ£o:  https://cutt.ly/NfHk9TS
â–º Melhores Copa do Brasil: https://cutt.ly/LfHk3Di
â–º Gols SÃ©rie B: https://cutt.ly/LfHk84c

âœ… Inscreva-se, tambÃ©m, no canal do CARTOLA FC e fique por dentro das melhores dicas do maior fantasy game do Brasil - https://cutt.ly/ffV1Xri
______________________________________  

No canal ge vocÃª encontra os melhores conteÃºdos do FUTEBOL BRASILEIRO! ğŸ¤™ğŸ˜","melhores momentos, highlights, esporte, esportes, ge, ge.globo, globo esporte, globo, globoesporte.com, sportv, futebol, canal do ge, gol, gols, central do ge, ao vivo, ao vivo com imagens, com imagens, com imagem, futebol ao vivo, futebol 24 horas, futebol ao vivo com imagem, EliminatÃ³rias da Copa, EliminatÃ³rias, ColÃ´mbia, Argentina, Argentina x ColÃ´mbia, EMPATE, empate, Luis Diaz, Almada, 1 a 1, expulsÃ£o, cartÃ£o vermelho, golaÃ§o, arrancada",00:03:42,668136,15429,763,https://i.ytimg.com/vi/ITU0oM53E4s/maxresdefault.jpg,BR
29,,,23,"Lifestyle_(sociology), Entertainment",9.56%,pt,29,UCAjvBBC4WMxii99cvU8Wr9A,Vanessa Raquel,1590000,pCwXaAeGfHU,2025-06-10T21:01:00Z,47.16 horas,O PEDIDO VEIO,"VEM DE CAP â˜˜ï¸

www.vemdecap.com.br/ref/vanessa

-----------------------------
-----------------------------

Me acompanhe nas redes sociais: 
Instagram: @vanessaraquel09 
https://www.instagram.com/vanessaraquel09/","Vanessa Raquel, chacara comedia  Selvagem, comedia Selvagem, YouTube, Serra Talhada, Pernambuco, turma da chacara, chacara",00:10:40,191157,17175,1107,https://i.ytimg.com/vi/pCwXaAeGfHU/maxresdefault.jpg,BR
30,,,22,"Entertainment, Lifestyle_(sociology)",6.05%,,30,UC7AeAXfk1VIa66mE4AIrEeQ,Zanella ,2080000,I_sVr3MVfhQ,2025-06-10T23:00:14Z,45.17 horas,Briguei Com o Namorado da Emanuelly!!,"Seja membro deste canal e ganhe benefÃ­cios:
https://www.youtube.com/channel/UC7AeAXfk1VIa66mE4AIrEeQ/join

â­INSCREVA-SE NO MEU CANAL DE CORTES: https://www.youtube.com/channel/UCCCsuhOWsXX7_E6t3ILhKTw

â­ENTRE NO MEU SERVIDOR DO DISCORD!
https://discord.gg/fhXT5GvCav

â­INSCREVA-SE E ATIVE O SININHO PARA NÃƒO PERDER NENHUM VÃDEO!ğŸ””

â­ESTOU AO VIVO NO YOUTUBE: https://www.youtube.com/channel/UCCCsuhOWsXX7_E6t3ILhKTw

â­!ME SIGA NAS REDES SOCIAIS!â­
â€¢TIKTOKâ€¢
https://vm.tiktok.com/ZMN4jKkw1/
â€¢INSTAGRAMâ€¢
https://instagram.com/zanellaax?igshid=YmMyMTA2M2Y=

ZANELLA RUMO A 3 MILHÃ•ES EM 2025 ğŸš€ğŸŒ½ğŸŒ½
#zanella #londrina",,00:19:17,397415,23219,832,https://i.ytimg.com/vi/I_sVr3MVfhQ/maxresdefault.jpg,N/A
31,,,25,"Entertainment, Politics, Society, Television_program",2.31%,,31,UCoa-D_VfMkFrCYodrOC9-mA,Band Jornalismo,6100000,nzI18H5t5Z8,2025-06-10T22:47:07Z,45.39 horas,Veja como foi o depoimento de Jair Bolsonaro no STF | Jornal da Band,"Frente a frente com o ministro Alexandre de Moraes, o ex-presidente Jair Bolsonaro negou qualquer tentativa de golpe. Disse que discutiu alternativas dentro da lei para questionar o resultado das eleiÃ§Ãµes de 2022. #BandJornalismo #JornaldaBand 

Canal Principal â¤  @BandJornalismo
ğŸ“± Redes sociais: 
ğŸ“¸ Instagram: /bandjornalismo 
ğŸ¦Twitter: /BandJornalismo
ğŸ“¹ TikTok: /bandjornalismo
ğŸ”µ Facebook: /bandjornalismo
ğŸŸ  Kwai: /bandjornalismo","jornal da band, felipe martins, declino, bolsonaro depondo, bolsonaro pede desculpas a alexandre de moraes, onde vai passar o julgamento do bolsonaro, bolsonaro pode ser preso hoje? depoimento bolsonaro ao vivo, bolsonaro interrogatÃ³rio, interrogatÃ³rio do bolsonaro, bolsonaro ao vivo, depoimento bolsonaro, depoimento bolsonaro hoje, depoimento de bolsonaro, depoimento do bolsonaro, alexandre de moraes, minuta do golpe",00:04:17,534034,9922,2425,https://i.ytimg.com/vi/nzI18H5t5Z8/maxresdefault.jpg,BR
32,,,24,"Entertainment, Lifestyle_(sociology)",3.85%,,32,UChEmvd47U5S-lCbZvUjzGcA,Ryan Oliveira,7220000,tGRbokb1ET4,2025-06-11T15:00:11Z,29.17 horas,A LIGEIRINHA ESTÃ ASSIM DEPOIS QUE TERMINOU COM O RYAN ğŸ’”ğŸ’”ğŸ’”,"ğŸ˜¢ A Ligeirinha estÃ¡ passando por um momento difÃ­cil depois do tÃ©rmino com o Ryanâ€¦ Neste vÃ­deo, vocÃª vai ver como ela estÃ¡ lidando com tudo isso e o que realmente aconteceu. SerÃ¡ que ainda tem volta? ğŸ’”

ğŸ“Œ Deixe seu comentÃ¡rio: vocÃª acha que eles ainda se gostam?
ğŸ”” Inscreva-se no canal e ative o sininho para nÃ£o perder os prÃ³ximos episÃ³dios!
ğŸ¥ Confira os vÃ­deos anteriores para entender toda a histÃ³ria!

#Ryan #RyaneLigeirinha #TerminouONamoro",,00:11:58,253611,8935,832,https://i.ytimg.com/vi/tGRbokb1ET4/maxresdefault.jpg,BR
33,,,20,"Role-playing_video_game, Video_game_culture, Action-adventure_game, Strategy_video_game, Action_game",12.92%,pt-BR,33,UCO11WhaZE0tQe1T29l3WkZw,CANAL DO LAIFINHO,329000,njpGamwhucQ,2025-06-10T22:00:50Z,46.16 horas,VALE A PENA O UPGRADE PARA O NOVO SWITCH 2? #nintendo #switch2 #games #gaming,"VALE A PENA O UPGRADE PARA O NOVO SWITCH 2? O novo Switch 2 Ã© um enorme upgrade tÃ©cnico em relaÃ§Ã£o ao primeiro, mantendo todas as funcionalidades e acrescentando outras interessantes. Ã‰ para vocÃª? Vale a pena comprar AGORA? #nintendo #switch2 #games #gaming","games, game, gaming, gameplay, tiago leifert, laifinho, nintendo switch 2, switch 2, nintendo switch, nintendo switch 2 unboxing, nintendo switch 2 jogos, comprei o nintendo switch 2, nintendo switch 2 review, switch 2 unboxing, switch 2 vale la pena, nintendo switch 2 vale la pena, nintendo switch 2 vale a pena comprar, comprar, nintendo",00:16:57,116964,14598,518,https://i.ytimg.com/vi/njpGamwhucQ/maxresdefault.jpg,BR
34,,,17,"Association_football, Sport",2.45%,pt-BR,34,UCw5-xj3AKqEizC7MvHaIPqA,ESPN Brasil,7050000,Wk2ssfersko,2025-06-10T21:37:10Z,46.56 horas,"DEPAY dÃ¡ SHOW, IGUALA MARCA de VAN PERSIE na SELEÃ‡ÃƒO e comanda GOLEADA da HOLANDA nas ELIMINATÃ“RIAS","A terÃ§a-feira (10) foi histÃ³rica para a Holanda. A equipe atropelou Malta por 8 a 0 pelas eliminatÃ³rias para a Copa do Mundo. Memphis Depay, autor de dois gols no jogo, se tornou o maior artilheiro da histÃ³ria da seleÃ§Ã£o ao lado de Van Persie.

Todo o esporte AO VIVO da ESPN disponÃ­vel no Disney+!

http://dis.la/ESPNenDisneyPlus_YT_BR

E o melhor do jornalismo esportivo, com vÃ­deos e notÃ­cias exclusivas, vocÃª acompanha no https://www.espn.com.br/

#Futebol #Depay #Eliminatorias","ESPN, ESPN Brasil, ESPN Futebol, futebol, eliminatorias, eliminatorias europeias, eliminatÃ³rias europeias, Memphis Depay, Depay, depay, memphis depay, Depay Corinthians, Depay Holanda, Corinthians, gols da rodada, jogos da rodada, melhores momentos, 8x0, goleada, depay holanda",00:10:52,1624261,37849,1935,https://i.ytimg.com/vi/Wk2ssfersko/maxresdefault.jpg,BR
35,,,20,"Action_game, Action-adventure_game, Video_game_culture, Role-playing_video_game",1.84%,pt-BR,35,UCGOAV_SIIhdwA5PnqB-2bDg,Rafinha Betero,1760000,GpgDbSt2k3I,2025-06-10T14:30:16Z,53.67 horas,ROUBE UM BRAINROT MAS O ADMIN ME DEU x999.999 SORTE!,"Show da FamÃ­lia Betero: https://linktr.ee/familiabetero



Loja da FamÃ­lia Betero: https://fitbrasilroupas.com.br/familia-betero/

Contato comercial - contato@familiabetero.com.br

Nome do jogo: Roube um Brainrot","rafa roblox, roblox rafa, videos de roblox rafinha betero, rafinha betero videos de roblox",00:14:35,124549,2112,183,https://i.ytimg.com/vi/GpgDbSt2k3I/maxresdefault.jpg,BR
36,,,10,"Lifestyle_(sociology), Pop_music, Music_of_Latin_America, Music, Hobby, Hip_hop_music, Electronic_music",3.21%,pt-BR,36,UCl_AQeO6ynSDRSjclc1e16Q,FitDance,16800000,EZUsbiNPxGg,2025-06-10T13:00:23Z,55.17 horas,"PERVERSA - Pedro Sampaio, J Balvin ft. Take A Daytrip | FitDance (Coreografia)","PERVERSA - Pedro Sampaio, J Balvin ft. Take A Daytrip | FitDance (Coreografia)

#Coreografia para vocÃªs!
Elenco do vÃ­deo: @gustavosantosw @vickpirees @vi.melloo
Coreografia: Bella Fernandes, com adaptaÃ§Ãµes para aula

TikTok: https://www.tiktok.com/@fitdance
Kwai: http://s.kw.ai/tA3xrP8E

Quer fazer parte do maior programa de Aulas do Brasil? 
Seja um instrutor FitDance e venha ser feliz com a gente:
https://www.fitdance.com/seja-instrutor

Acompanhe a FitDance em outras redes:
https://www.instagram.com/fitdance
https://www.facebook.com/fitdance

Loja Online: https://store.fitdance.com
Aulas de danÃ§a ao-vivo e on-line na sua casa: www.fitdance.com/plus

ConheÃ§a nosso canal FitDance Internacional: https://goo.gl/QuvhJL

Confira tambÃ©m o nosso perfil no Spotify:
https://spoti.fi/3aPwkPl

#Dance #Choreography","FitDance, Fit, Dance, Coreografia, Oficial, Hits, Melhores, Choreography, Sucesso, HIT, Funk, Video, Charts, Trends, AerÃ³bico, Axe Moi, Zumba, Fitness, Dance Tutorial, KondZilla, LanÃ§amento, Dance Channel, Home Office, Dance em Casa, Dance Video, Piseiro, Sertanejo, 2025, coreo, coreografia, coreo fitdance, coreografia fitdance, danÃ§a, dance video, danÃ§ar, fitness, lanÃ§amento, aula de danÃ§a, aula fitdance, fitdance, fit dance, pedro sampaio, perversa, bella fernandes, J balvin, cachorrona, PERVERSA",00:02:17,109369,3356,150,https://i.ytimg.com/vi/EZUsbiNPxGg/maxresdefault.jpg,BR
37,,,17,"Television_program, Sport, Association_football",0.11%,pt,37,UC896QaWKoSGdZTmy9rHyU_g,Esporte na Band,1020000,bgqUqNbjM8g,2025-06-11T16:00:06Z,28.17 horas,JOGO 3 ENTRE PACERS E THUNDER NA NBA E GRÃŠMIO X CORINTHIANS - ANÃLISE E MELHORES ODDS I BANDPLACAR,"No BandPlacar de hoje, Bernardo Ramos e Isa Ayami falam sobre o jogo 3 das Finais da NBA entre Indiana Pacers e Oklahoma City Thunder, em IndianÃ¡polis, com transmissÃ£o ao vivo do BandPlay e da Band na TV aberta. E a volta do BrasileirÃ£o 2025 tambÃ©m Ã© assunto, com GrÃªmio x Corinthians, pela 12Âª rodada.

Para saber tudo sobre resultados de futebol ao vivo, visite o site do Band Placar: https://www.band.com.br/band-placar
As melhores odds do mercado Ã© na BandBet: https://www.bandbet.bet.br/

Nos siga tambÃ©m nas redes sociais:
Instagram: https://www.instagram.com/esportenaband/
Twitter: https://x.com/esportenaband

#BandPlacar #pacers #thunder #FinaisdaNBA #NBAnaBand #gremio #corinthians #brasileirao #BandBetUmLanceInfinitasPossibilidades","esporte na band, band ao vivo, jogo ao vivo na band, pacers x thunder, odds pacers x thunder, pacers x thunder onde assistir, pacers x thunder odds, Finais da NBA, NBA na Band, odds nba, grÃªmio x corinthians, grÃªmio x corinthians odds, grÃªmio x corinthians escalaÃ§Ãµes, grÃªmio x corinthians onde assistir, classificaÃ§Ã£o brasileirÃ£o, odds brasileirÃ£o",00:11:04,99725,107,0,https://i.ytimg.com/vi/bgqUqNbjM8g/maxresdefault.jpg,BR
38,,,28,"Lifestyle_(sociology), Music",1.59%,pt,38,UC63iwP6BtIjxB6xn1GKR6Lw,Emilly Vick,24600000,MsKylxJISGE,2025-06-10T15:00:38Z,53.17 horas,SOBREVIVEMOS NO MENOR AVIÃƒO DO MUNDO POR 24 HORAS *Dos Rosa,"INSTAGRAM DOS ROSA (oficial)ğŸ‘‡ 
@dosrosaof
https://www.instagram.com/dosrosaof?igsh=MXV0bG92dGFhZnVtMg%3D%3D&utm_source=qr

SHOW DOS ROSA ğŸ‘‡
https://linktr.ee/showdosrosa

SITE DOS ROSAğŸ‘‡
https://grupodosrosa.com/

Bem vindos ao universo Emilly Vick, o conteÃºdo deste e de todos os vÃ­deos do canal tem como principal intuito o entretenimento. NÃ£o repita ou reproduza este conteÃºdo, seja em ambientes pÃºblicos ou privados. O conteÃºdo visa exclusivamente gerar entretenimento lÃºdico. â¤ï¸â¤ï¸",,00:12:43,2354434,35561,1860,,BR
39,,,17,"Lifestyle_(sociology), Sport, Association_football",5.22%,pt-BR,39,UCfBw30ryGwSC-6YyTPseHPw,Cartoloucos,1460000,KK2HaVGuyVo,2025-06-10T22:29:38Z,45.68 horas,PASSEI UM DIA COM AUGUSTO MELO APÃ“S SAIR DO CORINTHIANS!,"A vida de Augusto Melo mudou completamente. Hoje, toma conta de estacionamento e de uma quadra. HÃ¡ 14 dias, era presidente do Corinthians. Ele conta toda verdade do que aconteceu. Gostou do vÃ­deo? Deixa o like, se inscreve e comente muito!","cartolouco, cartoloucos, lucas cartolouco, futebol, mundo futebol, soccer, gol, gols, placar, ao vivo, esportes, trend, desafio, lucas strabko, messi, neymar, cr7, ronaldo, cartola, libertadores, brasileirao, final, bola, podcast, podcast futebol, influencer, youtuber, campeonato, tudo sobre futebol, melhor lance, lances, Corinthians, Augusto Melo, Gol corinthians, Corinthians ao vivo, Memphis, Depay, Brasil, SeleÃ§Ã£o, Brasil ao vivo, Brasil Paraguai, Paraguai, Neymar, Presidente corinthians, Caze tv, Ao vivo",00:16:35,403530,20002,1048,https://i.ytimg.com/vi/KK2HaVGuyVo/maxresdefault.jpg,BR
40,,,24,"Entertainment, Lifestyle_(sociology), Hobby",0.99%,en,40,UCwVg9btOceLQuNCdoQk9CXg,Ben Azelart,38300000,66v5KLtT2nA,2025-06-09T21:04:48Z,71.10 horas,I Built a EXTREME Boat!,"I built an EXTREME boat and hid it from my girlfriend! We added water slides, games, and so much more! Watch to the end because things got crazy!

Subscribe below! 
STAY WILD @StayWild- 
CAM HUFF @CamHuff 
JORDAN MATTER @jordanmatter 
LEXI RIVERA @AlexaRivera 
PIERSON @pierson 

â˜† FOLLOW ME!
INSTAGRAM: @BenAzelart https://www.instagram.com/benazelart/
YOUTUBE: Ben Azelart https://www.youtube.com/benazelart/
SNAPCHAT: @BenAzelart","ben azelart, brent rivera, Lexi rivera, stokes twins, ben Azelart girlfriend, Lexi rivera boyfriend, mylifeaseva, lexi hensler, Andrew davila, pierson, Pierson wodzynski, Jeremy hutchins, dom brack, Brent and pierson, Airrack, mrbeast, preston, unspeakable, Mathew beem, Ryan trahan",00:27:58,9407382,87220,5839,https://i.ytimg.com/vi/66v5KLtT2nA/maxresdefault.jpg,US
41,,,20,"Role-playing_video_game, Action-adventure_game, Video_game_culture, Action_game, Strategy_video_game",5.90%,pt,41,UCNKRJBAHTjnK3y0ThOg1uNw,SidÃ£o do Game,2750000,AvpBBEPn7mk,2025-06-10T20:39:53Z,47.51 horas,MINDSEYE - GAMEPLAY DO INÃCIO NO PS5! Tem algo ESTRANHO nesse jogo...,"Jogando o comeÃ§o de Mindseye no PS5 PRO
ğŸ®Grupo no Whatsapp Â» https://chat.whatsapp.com/H0J5Arf1znV5Bv6to8NpBh
ğŸ”¥LojÃ£o Do Game Â» http://lojaodogame.com.br/

ğŸ“© Contato para anunciantes e parcerias Â» contato@sidaodogame.com.br

0:00 IntroduÃ§Ã£o
1:00 HistÃ³ria
27:30 Gameplay e ""Mundo Aberto""

Mindseye Gameplay
Mindseye PS5 Gameplay
PS5 PRO","SidÃ£o do Game, Sidao do Game, Sidao, SidÃ£o, Games, Jogos, VideoGames, Gaming, Playstation, Xbox, PC, Mindseye, Mindseye Gameplay, Mindseye Lets Play, Mindseye PS5 Gameplay, Mindseye PS5 PRO, Mindseye PS5, Mindsey inicio, Mindseye parte 1, Mindseye comeÃ§o, Mindseye part 1, Mindseye game, Mindseye mundo aberto, Mindseye gta, Gameplay, gameplay, lets play, jogando, inicio, inÃ­cio, comeÃ§o, parte 1, part 1, ps5, PS5, PS5 PRO, ps5 pro, Playstation 5, gta, mundo aberto, Mindseye open world",00:38:16,121883,6278,913,https://i.ytimg.com/vi/AvpBBEPn7mk/maxresdefault.jpg,BR
42,,,17,"Sport, Association_football",2.60%,,42,UCgCKagVhzGnZcuP9bSMgMCg,ge,6100000,e-RS3IacVwk,2025-06-11T01:07:26Z,43.05 horas,URUGUAI 2 X 0 VENEZUELA | MELHORES MOMENTOS |  ELIMINATÃ“RIAS DA COPA DO MUNDO 2026 | sportv,"Arrascaeta faz golaÃ§o, e Uruguai vence Venezuela nas EliminatÃ³rias
Equipe uruguaia consegue vitÃ³ria no CentenÃ¡rio de MontevidÃ©u

ğŸŒŸ Confira todos os Melhores Momentos com mais replays em ge.globo:
https://ge.globo.com/futebol/copa-do-mundo/eliminatorias-america-do-sul/jogo/10-06-2025/uruguai-venezuela.ghtml

ğŸŒŸ Veja como ficou a tabela:
https://ge.globo.com/futebol/copa-do-mundo/eliminatorias-america-do-sul/

#uruguai  #venezuela  #EliminatoriasdaCopa
______________________________________
âœ… INSCREVA-SE NO CANAL GE:  https://cutt.ly/xfHlwBk

ğŸ‘ Curtiu o vÃ­deo? Deixe seu like e dÃª seu pitaco ğŸ˜âš½ 

ğŸŒŸ Playlists pra vocÃª maratonar ğŸŒŸ 

â–º Bola Quadrada:  https://cutt.ly/IfHk7ra 
â–º BMFC: https://cutt.ly/gfHk5bH
â–ºHumor no GE: https://cutt.ly/HfHk6SY
â–ºJogos HistÃ³ricos: https://cutt.ly/BkxoZJX
â–º Listas e TOPs: https://cutt.ly/hkxo51U
â–º Originais GE: https://cutt.ly/vkxpunL
â–º Melhores Momentos do BrasileirÃ£o:  https://cutt.ly/NfHk9TS
â–º Melhores Copa do Brasil: https://cutt.ly/LfHk3Di
â–º Gols SÃ©rie B: https://cutt.ly/LfHk84c

âœ… Inscreva-se, tambÃ©m, no canal do CARTOLA FC e fique por dentro das melhores dicas do maior fantasy game do Brasil - https://cutt.ly/ffV1Xri
______________________________________  

No canal ge vocÃª encontra os melhores conteÃºdos do FUTEBOL BRASILEIRO! ğŸ¤™ğŸ˜","uruguai, venezuela, uruguai x venezuela, eliminatÃ³rias, gol, gol do uruguai, aguirre, eliminatÃ³rias da copa, copa, Melhores momentos, futebol, MM, Ã© gol, lances, gols, esporte, esportes, ge, ge.globo, globo esporte, melhores momentos, highlights, globo, globoesporte.com, sportv, canal do ge, ao vivo, gols de hoje, gols do brasil hoje, futebol ao vivo, futebol 24 horas, rodada, VitÃ³ria, vitÃ³ria, empate, derrota, defesa, trave, fora, para fora, VAR",00:03:11,389839,9802,347,https://i.ytimg.com/vi/e-RS3IacVwk/maxresdefault.jpg,BR
43,,,10,"Electronic_music, Music, Music_of_Asia, Pop_music",19.91%,ko,43,UCQdq-lqPEq_yZ_wP_kuVB9Q,KQ ENTERTAINMENT,3010000,U4k3opPyjpo,2025-06-11T04:00:00Z,40.18 horas,ATEEZ(ì—ì´í‹°ì¦ˆ) - 'Lemon Drop' Official MV Teaser 1,"ATEEZ(ì—ì´í‹°ì¦ˆ) - 'Lemon Drop' Official MV Teaser 1

ğŸ“Pre-save/add : https://ateez.lnk.to/goldenhour_part3

â–¶ ATEEZ Official Platform:
http://ateez.kqent.com
â–¶ ATEEZ Official X:
https://twitter.com/ATEEZofficial
â–¶ ATEEZ Official Instagram:
https://instagram.com/ATEEZ_official_
â–¶ ATEEZ Official TikTok:
https://www.tiktok.com/@ateez_official_
â–¶ ATEEZ Official Facebook:
https://facebook.com/ATEEZofficial

â–¶ KQ Official Homepage:
http://kqent.com
â–¶ KQ Official Facebook:
https://facebook.com/kqent
â–¶ KQ Official X:
https://twitter.com/kqent
â–¶ KQ Official Instagram:
https://instagram.com/kqent

#ATEEZ #ì—ì´í‹°ì¦ˆ
#GOLDENHOUR #GOLDENHOUR_Part3 #LemonDrop","KQ, ì¼€ì´í",00:00:35,407711,76447,4739,https://i.ytimg.com/vi/U4k3opPyjpo/maxresdefault.jpg,N/A
44,,,10,"Society, Music, Religion, Christian_music",8.48%,pt-BR,44,UCZfSPADOfrGs4ub5XLfywFQ,NÃ­vea Soares,1650000,2B2SeciBUk8,2025-06-10T13:00:11Z,55.17 horas,NÃ­vea Soares - Santo (Ao Vivo),"Santo - NÃ­vea Soares 

â–¸ Assista Minha Playlist de MÃºsicas: https://onilnk.com/r/NiveaSoaresMusicas 
â–¸ Inscreva-se no canal: https://onilnk.com/r/NiveaSoares

Letra - Santo

Compositora: NÃ­vea Soares

Santo, Tu Ã‰s Santo
Jesus, Filho de Deus
Santo, Tu Ã‰s Santo
Jesus, Filho de Deus

Eu te adoro, Jesus
Eu te adoro, Jesus

Santo, Tu Ã‰s Santo
Jesus, Filho de Deus
Santo, Tu Ã‰s Santo
Jesus, Filho de Deus 

Eu te adoro, Jesus
Eu te adoro, Jesus  


â–¸ NÃ­vea Soares Ã© uma pessoa que ama ao Senhor com todo o seu coraÃ§Ã£o, autora de dezenas de canÃ§Ãµes cantadas por todo o mundo. 

â–¸ Veja outros singles da @NiveaSoaresOfficial como as mÃºsicas Que Se Abram os CÃ©us, Reina Sobre Mim, Ousado Amor, Santo EspÃ­rito, Filho do Deus Vivo, Me Esvaziar, NÃ£o Seremos Abalados, Mais Perto, Me Entrego a Ti entre outros.
 
â–¸ oni@1526!, NÃ­vea Soares, NÃ­vea Soares, Santo, Nivea Soares, NÃ­vea Soares 2025, Santo 2025, Ao Vivo, MÃºsica Gospel, Worship, Gospel, MÃºsica EvangÃ©lica, AdoraÃ§Ã£o, Louvores, nivea soares, que ruja o leao, a boa parte, como maria que estava aos seus pes e disseste, boa parte.

â–¸  Ficha TÃ©cnica: 

IntÃ©rprete: NÃ­vea Soares 
Piano, Sintetizadores e arranjos: Gustavo Soares 
Bateria: Murilo Santos 
Baixo: Samuel Teixeira 
Guitarras: Igor Leandro 
Back Vocal: Ãtalo GonÃ§alves 
Back vocal: Vini Santos 
Mixagem
MasterizaÃ§Ã£o: Luke Pimentel
DireÃ§Ã£o de VÃ­deo: Dinho Braga 
CÃ¢meras: Fernando Lucas, â LuÃ­s Henrique, Renan Souza, Cleverson Rocha, Gabriel Lemos, Harley Teixeira, William Aguiar, Larissa Gomes, Jonathan Andrada, â Ricardo Mello, Islander Lisboa 
DireÃ§Ã£o de Arte, LED e GeraÃ§Ã£o de Caracteres: Osvaldo Sobrinho 
IluminaÃ§Ã£o CÃªnica: Daniel Barbosa 
TÃ©cnico P.A: Henrique Lopes 
Assistente TÃ©cnico: Douglas VenÃ¢ncio, Gabriel Fernandes, Neto Sales 
TÃ©cnico de Streaming: Pedro Veloso 
Diretor TÃ©cnico: Rafael Fernandes

â–¸ Contato/Convite:
(31) 98492-3259
 
â–¸ Acesse tambÃ©m nosso conteÃºdo em outras plataformas: 
- Instagram: https://onilnk.com/r/InstagramNiveaSoares
- Facebook: https://onilnk.com/r/FacebookNiveaSoares

#NÃ­veaSoares #Santo #SomQueAlimenta 

Â© 2025 Onimusic.","oni@1526!, NÃ­vea Soares, Santo, Nivea Soares, NÃ­vea Soares 2025, Santo 2025, Ao Vivo, que se abram o ceus, o senhor e bom, nivea, filho do deus vivo, que se abram os ceus, nao seremos abalados, nÃ­vea soares, reina sobre mim, nÃ£o seremos abalados, worship, louvores gospel, Worship, a boa parte, como maria que estava aos seus pes e disseste, boa parte, NÃ­vea, Soares, rio, Hinos, Louvor, Ao vivo, Som que Alimenta, NÃ­vea Soares Santo, Santo NÃ­vea Soares, NÃ­vea 2025",00:10:37,69650,5642,264,https://i.ytimg.com/vi/2B2SeciBUk8/maxresdefault.jpg,BR
45,,,17,"Association_football, Sport",4.06%,pt,45,UCv-Nx8pSfG_LxbViMz14RWQ,Jovem Pan Esportes,5140000,meZupz6jOOU,2025-06-11T03:12:50Z,40.96 horas,"""ISSO TEM QUE SER ELOGIADO!!! A SeleÃ§Ã£o com o Ancelotti estÃ¡..."" Brasil VENCE Paraguai e TÃ NA COPA!","O Brasil estÃ¡ classificado para a Copa do Mundo! A SeleÃ§Ã£o venceu o Paraguai hoje com gol de Vinicius JÃºnior, ganhou a primeiro sob o comando de Carlo Ancelotti e garantiu vaga no Mundial de 2026. Veja o debate no Canelada, da Jovem Pan Esportes 

Link do vÃ­deo: https://youtu.be/meZupz6jOOU

#JovemPan #Canelada 

CrÃ©dito das fotos usadas na thumbnail: SebastiÃ£o Moreira/EFE e Rafael Ribeiro/CBF 

Siga o canal ""Jovem Pan Esportes"" no WhatsApp: https://whatsapp.com/channel/0029Va9wMgZD8SE3UbBwem2u 

Baixe a Panflix: https://www.panflix.com.br/

Inscreva-se no nosso canal:
http://www.youtube.com/jovempanesportes

Entre no nosso site:
http://jovempan.com.br/esportes

Facebook:
https://www.facebook.com/JovemPanEsportes

Siga no Twitter:
https://twitter.com/JovemPanEsporte

Instagram:
https://www.instagram.com/jovempanesportes

TikTok:
https://www.tiktok.com/@jovempanesportes","Brasil, paraguai, Brasil x paraguai, brasil e paraguai, seleÃ§Ã£o, seleÃ§Ã£o brasileira, paraguai x brasil, jogo da seleÃ§Ã£o, jogo da seleÃ§Ã£o brasileira, jogo do brasil, hoje, seleÃ§Ã£o hoje, ao vivo, gols, melhores momentos, gols de hoje, ancelotti, ancelotti na seleÃ§Ã£o, ancelotti no brasil, tnt, tnt sports, eliminatÃ³rias, canelada, jovem pan esportes, mauro cezar, pilhado, vinicius junior, brasil classificado para a copa do mundo, brasil classificado para a copa, pilulacanelada, bruno_pilula",00:19:13,422614,14974,2167,https://i.ytimg.com/vi/meZupz6jOOU/maxresdefault.jpg,BR
46,,,22,"Role-playing_video_game, Video_game_culture, Action-adventure_game",1.59%,pt,46,UC_-WQuYUOasNYkX-L_jHgdg,xMarcelo,2340000,3JMAAGHoZg0,2025-06-10T20:00:03Z,48.18 horas,ATIVEI SORTE INFINITA COM ROBUX NO ROUBE O BRAINROT ğŸ¤‘ *SECRETOS E GODS BRAINROT*,"VIRA MEMBRO, EU TE ADICIONO NO ROBLOX ğŸ’—
USA O STARCODE ""XMARCELO"" â­

GRUPO COM ROUPAS BARATAS! ğŸ‘•
https://www.roblox.com/groups/4177011/X

ENTRE PARA GANHAR ROBUX GRÃTIS E ITEM GRÃTIS! ğŸ¤‘
https://discord.com/invite/xmarcelo

ATIVEI SORTE INFINITA COM ROBUX NO ROUBE O BRAINROT ğŸ¤‘ *SECRETOS E GODS BRAINROT*","roblox, xmarcelo, roblox video, ATIVEI SORTE INFINITA COM ROBUX NO ROUBE O BRAINROT, 8 SECRETOS NO ROUBE UM BRAINROT, brainrot secreto, deus brainrot, god brainrot, roube um brainrot roblox, Steal a Brainrot, roube o brainrot roblox, coleÃ§Ã£o de brainrot roblox, tralalelo tralala, brainrot, simulador roblox, brainrot evolution, gastando robux, robux roblox, robux, roubando brainrot roblox, lua de sangue brainrot, LOS TRALALERITOS BRAINROT, la vaca saturno roblox, udin din din dun",00:20:37,465576,6886,535,https://i.ytimg.com/vi/3JMAAGHoZg0/maxresdefault.jpg,BR
47,,,17,"Sport, Association_football",9.76%,pt-BR,47,UCQlY8eDA0QugUAT0v7-q1HA,Canal do VSR,534000,gyhXlXxH28o,2025-06-11T12:19:33Z,31.85 horas,BRASIL ESTÃ NA COPA E ANCELOTTI VAI BUSCAR EVOLUÃ‡ÃƒO DO TIME,"O Flashscore Ã© a plataforma de resultados ao vivo e estatÃ­stica que o VSR usa para os vÃ­deos e o trabalho! VocÃª pode baixar, totalmente de graÃ§a, e comeÃ§ar a usar agora! SÃ³ clicar neste link â¬‡
https://flashsco.re/br-sm-vsrflash.

BRASIL ESTÃ NA COPA E ANCELOTTI VAI BUSCAR EVOLUÃ‡ÃƒO DO TIME

BRASIL ESTÃ NA COPA E ANCELOTTI VAI BUSCAR EVOLUÃ‡ÃƒO DO TIME

BRASIL ESTÃ NA COPA E ANCELOTTI VAI BUSCAR EVOLUÃ‡ÃƒO DO TIME

#seleÃ§Ã£obrasileira #ancelotti #cbf",,00:23:25,82729,7273,801,https://i.ytimg.com/vi/gyhXlXxH28o/maxresdefault.jpg,BR
48,,,20,"Action_game, Action-adventure_game, Video_game_culture, Role-playing_video_game, Lifestyle_(sociology)",2.20%,pt-BR,48,UCrcBZDofBltcgGxphNia2tw,ProbIems,10900000,3rXhvNHa8AU,2025-06-10T13:00:06Z,55.17 horas,Sobrevivi 100 Dias de Happy Ghast!,"ğŸ’™VEM CONHECER MEU NOVO SHOW!!ğŸ’™
https://showturmadoproblems.com.br/

Minha Loja:
https://www.curtaloja.com/marca/problems.html

Contato COMERCIAL:
comercial@agenciacurta.com


Segue a turma no instagram:

ProblemsğŸ’™ https://www.instagram.com/problems_sr/
Mel ğŸ’›https://www.instagram.com/kaikemel/
Kadu ğŸ’– https://www.instagram.com/kadukon/
Stick ğŸ’šhttps://www.instagram.com/guualfaro/
Zoom ğŸ§¡ https://www.instagram.com/josedu4rd/

ENXADAHOST - Cupom: Problems
CINEART - Cupom: Stick15 ou Mel15
ATENÃ‡ÃƒO: O conteÃºdo do vÃ­deo Ã© 100% family friendly, ou seja qualquer um pode assistir com toda a familia quando quiser!!

#problems #minecraft","maniqueft, lego, problems, probrems, probres, pobrems, problemas, problema, pobrema, mainequeft, minecraft, video do problema, video do problems, video do pobrems, minecraft survival, minecraft mitos, minecraft fatos, problems roblox, roblox, pobrems roblox, pobris roblox, pobrema roblox, problema roblox",00:20:57,796231,17000,519,https://i.ytimg.com/vi/3rXhvNHa8AU/maxresdefault.jpg,BR
49,,,23,"Entertainment, Lifestyle_(sociology), Humour, Film",6.59%,,49,UCmhPSRw8iyrg4LSlykMYsEQ,Thamires Thuanny,208000,xs4wex0cJd8,2025-06-09T21:54:14Z,70.27 horas,LEÃ”NCIO E THAMIRES COMPRAM SUA PRIMEIRA CASA DOS SONHOS ğŸ  | THAMIRES THUANNY,"#comedy #casal #leoncio 

LEÃ”NCIO E THAMIRES COMPRAM SUA PRIMEIRA CASA DOS SONHOS ğŸ  | THAMIRES THUANNY

LEÃ”NCIO E THAMIRES COMPRAM SUA PRIMEIRA CASA DOS SONHOS ğŸ  | THAMIRES THUANNY

LEÃ”NCIO E THAMIRES COMPRAM SUA PRIMEIRA CASA DOS SONHOS ğŸ  | THAMIRES THUANNY",,00:28:13,276337,17159,1053,https://i.ytimg.com/vi/xs4wex0cJd8/maxresdefault.jpg,BR
50,,,24,"Vehicle, Lifestyle_(sociology)",8.71%,pt,50,UChMJkHCD2wdvSO7CMOuLR-w,Renato Garcia,30000000,ZgI9iqU4wEo,2025-06-10T14:00:55Z,54.16 horas,TERMINEI DE DESMONTAR MEU QUARTO INTEIRO,"Minha Loja de produtos como bonÃ©s e camisetas exclusivos do canal:  https://www.lojarenatogarciayt.com.br/bones

 â—Instagram: https://www.instagram.com/renatogarciayt
â—Facebook: https://www.facebook.com/renatogarciayoutube

ME ENVIE PRESENTES ! 
Caixa Postal: 8748
CEP: 86020980
LONDRINA - PR 

Canal dos CaÃ§adores de Lendas ELITE !
https://www.youtube.com/@cacadoresdelendaselite

â—Contato para parcerias e eventos: comercial@htrsproducoes.com","RENATO GARCIA, RENATO DA XJ6, RENATO, CAMARO, DAILY VLOG, ferrari, caÃ§adores de lendas, porsche, carros esportivos, diversao, entreterimento, curiosidades, lendas, carros jdm, skyline r34, amigos, piscina, esporte, downhill, corrida, maverick, motor v8, v8, cachorros, canal divertido, canal entreterimento",00:08:01,559654,47383,1344,https://i.ytimg.com/vi/ZgI9iqU4wEo/maxresdefault.jpg,BR
